"Prev.Length","Prev.Size","Tile.Size","Top.Row","Browse.Time"
30,0.3,0.1,"TC",19.204130968223
90,0.3,0.1,"TC",15.6621930620003
30,0.5,0.1,"TC",15.8559357444714
90,0.5,0.1,"TC",17.9084987651672
30,0.3,0.3,"TC",20.77790661705
90,0.3,0.3,"TC",23.5254668209458
30,0.5,0.3,"TC",20.8455710862993
90,0.5,0.3,"TC",16.917970774082
30,0.3,0.1,"TC",21.6161584482665
90,0.3,0.1,"TC",21.9591716963837
30,0.5,0.1,"TC",20.8431206631112
90,0.5,0.1,"TC",16.3999205221342
30,0.3,0.3,"TC",22.9454583232314
90,0.3,0.3,"TC",22.693494825771
30,0.5,0.3,"TC",23.5952483424007
90,0.5,0.3,"TC",18.2110380962892
30,0.3,0.1,"TC",20.5940873123886
90,0.3,0.1,"TC",17.6409920059045
30,0.5,0.1,"TC",26.8385532525647
90,0.5,0.1,"TC",15.8769578107775
30,0.3,0.3,"TC",17.0537695697469
90,0.3,0.3,"TC",22.6766732555012
30,0.5,0.3,"TC",13.4922265926479
90,0.5,0.3,"TC",22.1275326508435
30,0.3,0.1,"TC",18.2902174599744
90,0.3,0.1,"TC",18.7902701283678
30,0.5,0.1,"TC",22.1297116103083
90,0.5,0.1,"TC",16.6900822296859
30,0.3,0.3,"TC",20.4840743809576
90,0.3,0.3,"TC",19.4291392932548
30,0.5,0.3,"TC",21.178321333288
90,0.5,0.3,"TC",15.101802032491
30,0.3,0.1,"TC",16.580541595561
90,0.3,0.1,"TC",20.1981382172261
30,0.5,0.1,"TC",18.8556890305814
90,0.5,0.1,"TC",15.9848383064076
30,0.3,0.3,"TC",18.3498485468854
90,0.3,0.3,"TC",16.8355730968232
30,0.5,0.3,"TC",23.0376118448147
90,0.5,0.3,"TC",18.7923209412343
30,0.3,0.1,"TC",17.4206886852923
90,0.3,0.1,"TC",18.8626115229986
30,0.5,0.1,"TC",20.3428588755797
90,0.5,0.1,"TC",18.6584915389038
30,0.3,0.3,"TC",22.151395687536
90,0.3,0.3,"TC",14.9868738149439
30,0.5,0.3,"TC",19.9617877696381
90,0.5,0.3,"TC",18.9009361632944
30,0.3,0.1,"TC",17.0131043047618
90,0.3,0.1,"TC",18.4526830100988
30,0.5,0.1,"TC",18.1411080245012
90,0.5,0.1,"TC",17.7289334060452
30,0.3,0.3,"TC",13.5659516185603
90,0.3,0.3,"TC",26.5534135657471
30,0.5,0.3,"TC",19.5167500068071
90,0.5,0.3,"TC",20.3894789199755
30,0.3,0.1,"TC",14.9399496380437
90,0.3,0.1,"TC",17.2024136869824
30,0.5,0.1,"TC",15.565942513453
90,0.5,0.1,"TC",25.4848640626428
30,0.3,0.3,"TC",22.572659811135
90,0.3,0.3,"TC",22.1645883467678
30,0.5,0.3,"TC",24.5019205080321
90,0.5,0.3,"TC",16.2426569968753
30,0.3,0.1,"TC",16.4585852848485
90,0.3,0.1,"TC",25.9211166221645
30,0.5,0.1,"TC",18.4060602501851
90,0.5,0.1,"TC",14.1276795226196
30,0.3,0.3,"TC",19.0189972996831
90,0.3,0.3,"TC",20.3623192686227
30,0.5,0.3,"TC",20.164465872396
90,0.5,0.3,"TC",22.9332938513948
30,0.3,0.1,"TC",20.9729418858239
90,0.3,0.1,"TC",16.6339710013355
30,0.5,0.1,"TC",19.7107090948678
90,0.5,0.1,"TC",16.2898228381189
30,0.3,0.3,"TC",20.9250945700127
90,0.3,0.3,"TC",18.6843817080108
30,0.5,0.3,"TC",20.6296117258063
90,0.5,0.3,"TC",16.9782625354716
30,0.3,0.1,"TC",21.7122284297967
90,0.3,0.1,"TC",19.2039566443607
30,0.5,0.1,"TC",22.8415027297879
90,0.5,0.1,"TC",14.7159718657899
30,0.3,0.3,"TC",19.5581260247477
90,0.3,0.3,"TC",22.0313974182417
30,0.5,0.3,"TC",22.546738695981
90,0.5,0.3,"TC",13.591307249107
30,0.3,0.1,"TC",20.4097195101095
90,0.3,0.1,"TC",17.8254389714118
30,0.5,0.1,"TC",20.3711034245067
90,0.5,0.1,"TC",14.7693988491367
30,0.3,0.3,"TC",17.6069208795373
90,0.3,0.3,"TC",22.0080832730824
30,0.5,0.3,"TC",13.4295693806022
90,0.5,0.3,"TC",13.7438061700407
30,0.3,0.1,"TC",18.4528932939655
90,0.3,0.1,"TC",18.814547518657
30,0.5,0.1,"TC",22.9947023109616
90,0.5,0.1,"TC",17.047832202529
30,0.3,0.3,"TC",21.3394954607948
90,0.3,0.3,"TC",17.7043377181062
30,0.5,0.3,"TC",13.6663547614113
90,0.5,0.3,"TC",20.7239718889943
30,0.3,0.1,"TC",26.061578294777
90,0.3,0.1,"TC",19.5930715446991
30,0.5,0.1,"TC",21.4523824562705
90,0.5,0.1,"TC",16.6617730624659
30,0.3,0.3,"TC",25.4545713873413
90,0.3,0.3,"TC",16.3892013644763
30,0.5,0.3,"TC",19.3623613579075
90,0.5,0.3,"TC",22.4058249552473
30,0.3,0.1,"TC",17.2474222148945
90,0.3,0.1,"TC",21.5202568668061
30,0.5,0.1,"TC",20.3523278637706
90,0.5,0.1,"TC",20.3686646652079
30,0.3,0.3,"TC",20.0566780454952
90,0.3,0.3,"TC",20.9993235200113
30,0.5,0.3,"TC",15.1248954462752
90,0.5,0.3,"TC",17.7668134576845
30,0.3,0.1,"TC",20.1661543221135
90,0.3,0.1,"TC",18.2611110388592
30,0.5,0.1,"TC",21.1480182771983
90,0.5,0.1,"TC",19.0683267267161
30,0.3,0.3,"TC",18.1438473565378
90,0.3,0.3,"TC",18.5845120932695
30,0.5,0.3,"TC",17.8481426117793
90,0.5,0.3,"TC",12.6818358293908
30,0.3,0.1,"TC",19.7486050743792
90,0.3,0.1,"TC",17.2069304242397
30,0.5,0.1,"TC",19.5873337208092
90,0.5,0.1,"TC",8.64473275138194
30,0.3,0.3,"TC",17.1580205252773
90,0.3,0.3,"TC",20.2817012791045
30,0.5,0.3,"TC",22.960743979897
90,0.5,0.3,"TC",15.2681258836801
30,0.3,0.1,"TC",18.6739895947922
90,0.3,0.1,"TC",18.0488758900107
30,0.5,0.1,"TC",21.4433833040251
90,0.5,0.1,"TC",17.293360033852
30,0.3,0.3,"TC",17.7829908150399
90,0.3,0.3,"TC",15.6720321347822
30,0.5,0.3,"TC",22.6984339003054
90,0.5,0.3,"TC",17.827603922054
30,0.3,0.1,"TC",22.3177810548166
90,0.3,0.1,"TC",23.9120512743837
30,0.5,0.1,"TC",22.0840749085832
90,0.5,0.1,"TC",15.0547888785829
30,0.3,0.3,"TC",17.4575276409744
90,0.3,0.3,"TC",22.8576538411535
30,0.5,0.3,"TC",15.1897639780454
90,0.5,0.3,"TC",14.0716026498918
30,0.3,0.1,"TC",17.2577745092895
90,0.3,0.1,"TC",14.1045056895612
30,0.5,0.1,"TC",17.8451566642462
90,0.5,0.1,"TC",13.7421897508675
30,0.3,0.3,"TC",24.5788767034658
90,0.3,0.3,"TC",21.0236513875688
30,0.5,0.3,"TC",20.0973230953505
90,0.5,0.3,"TC",25.3877295946184
30,0.3,0.1,"TC",16.779993517353
90,0.3,0.1,"TC",14.8053680301452
30,0.5,0.1,"TC",16.3680480313776
90,0.5,0.1,"TC",16.021588489147
30,0.3,0.3,"TC",21.6217398730438
90,0.3,0.3,"TC",19.4084598662556
30,0.5,0.3,"TC",20.9019711188579
90,0.5,0.3,"TC",15.4641547821426
30,0.3,0.1,"TC",23.8258882126373
90,0.3,0.1,"TC",13.9403888809277
30,0.5,0.1,"TC",16.3201762152645
90,0.5,0.1,"TC",12.9438382845201
30,0.3,0.3,"TC",21.6602111049025
90,0.3,0.3,"TC",24.1921032833074
30,0.5,0.3,"TC",20.8629310360794
90,0.5,0.3,"TC",17.9883659959388
30,0.3,0.1,"TC",17.2758343456881
90,0.3,0.1,"TC",20.9524348376607
30,0.5,0.1,"TC",25.5383742238645
90,0.5,0.1,"TC",15.6335036736176
30,0.3,0.3,"TC",23.8719137998573
90,0.3,0.3,"TC",21.3844118861196
30,0.5,0.3,"TC",15.0905096016065
90,0.5,0.3,"TC",14.7908715503071
30,0.3,0.1,"TC",23.3588284497116
90,0.3,0.1,"TC",17.4284315506267
30,0.5,0.1,"TC",18.4597943451113
90,0.5,0.1,"TC",22.2499282884977
30,0.3,0.3,"TC",21.0560509797939
90,0.3,0.3,"TC",21.8365710863796
30,0.5,0.3,"TC",19.4022330424437
90,0.5,0.3,"TC",11.4976842141492
30,0.3,0.1,"TC",18.1348858068064
90,0.3,0.1,"TC",18.5694030688037
30,0.5,0.1,"TC",20.6418953007304
90,0.5,0.1,"TC",22.7399339932099
30,0.3,0.3,"TC",15.9631751751761
90,0.3,0.3,"TC",21.6108577580099
30,0.5,0.3,"TC",25.4540614003092
90,0.5,0.3,"TC",20.4409782222656
30,0.3,0.1,"TC",20.3880248077317
90,0.3,0.1,"TC",19.4169448002062
30,0.5,0.1,"TC",21.3817144004479
90,0.5,0.1,"TC",10.6311529090966
30,0.3,0.3,"TC",15.0341372807084
90,0.3,0.3,"TC",18.3409753423917
30,0.5,0.3,"TC",17.5582214744471
90,0.5,0.3,"TC",20.6688083401235
30,0.3,0.1,"TC",18.4174481536808
90,0.3,0.1,"TC",14.2449503723809
30,0.5,0.1,"TC",21.1525982247736
90,0.5,0.1,"TC",14.9667112915829
30,0.3,0.3,"TC",19.7348833724608
90,0.3,0.3,"TC",19.125898339765
30,0.5,0.3,"TC",16.7726315012333
90,0.5,0.3,"TC",19.5157796513137
30,0.3,0.1,"TC",20.1488192103587
90,0.3,0.1,"TC",17.6625820507321
30,0.5,0.1,"TC",17.1176658102468
90,0.5,0.1,"TC",15.5331333538429
30,0.3,0.3,"TC",25.9948762616803
90,0.3,0.3,"TC",17.3719169443571
30,0.5,0.3,"TC",18.3050285050588
90,0.5,0.3,"TC",12.7455177824861
30,0.3,0.1,"TC",18.1844416335458
90,0.3,0.1,"TC",20.1079499240894
30,0.5,0.1,"TC",18.1059292447066
90,0.5,0.1,"TC",14.5519367700805
30,0.3,0.3,"TC",20.2661089240427
90,0.3,0.3,"TC",18.8898397624659
30,0.5,0.3,"TC",18.4989534071998
90,0.5,0.3,"TC",19.2024696950222
30,0.3,0.1,"TC",19.8327728950184
90,0.3,0.1,"TC",22.9986135648351
30,0.5,0.1,"TC",20.7236608126581
90,0.5,0.1,"TC",16.2854248637462
30,0.3,0.3,"TC",18.9093641661298
90,0.3,0.3,"TC",16.7190855333188
30,0.5,0.3,"TC",14.7284424604884
90,0.5,0.3,"TC",12.9261314351893
30,0.3,0.1,"TC",20.7251389511201
90,0.3,0.1,"TC",22.3062761069541
30,0.5,0.1,"TC",23.1585282621452
90,0.5,0.1,"TC",15.2090431559936
30,0.3,0.3,"TC",17.9758814320941
90,0.3,0.3,"TC",15.1814313038209
30,0.5,0.3,"TC",19.0551827712366
90,0.5,0.3,"TC",16.0490327044432
30,0.3,0.1,"TC",24.4007714798581
90,0.3,0.1,"TC",27.4680896769546
30,0.5,0.1,"TC",22.9944055774914
90,0.5,0.1,"TC",13.7368008707107
30,0.3,0.3,"TC",20.9851570355118
90,0.3,0.3,"TC",17.3702847696278
30,0.5,0.3,"TC",20.889154391574
90,0.5,0.3,"TC",14.0269881192361
30,0.3,0.1,"TC",20.6563635093361
90,0.3,0.1,"TC",20.6583385087848
30,0.5,0.1,"TC",19.136055730122
90,0.5,0.1,"TC",19.1755834206252
30,0.3,0.3,"TC",18.477423603141
90,0.3,0.3,"TC",20.5965972408852
30,0.5,0.3,"TC",26.7647089398605
90,0.5,0.3,"TC",14.6989120576066
30,0.3,0.1,"TC",24.6693287699454
90,0.3,0.1,"TC",22.3962995739925
30,0.5,0.1,"TC",17.5780276790975
90,0.5,0.1,"TC",15.9673671000114
30,0.3,0.3,"TC",19.2275620044669
90,0.3,0.3,"TC",24.7030247199642
30,0.5,0.3,"TC",25.0022744823587
90,0.5,0.3,"TC",19.8516988530598
30,0.3,0.1,"TC",18.1389331509802
90,0.3,0.1,"TC",17.8070587344557
30,0.5,0.1,"TC",17.7858803868169
90,0.5,0.1,"TC",20.9091302808668
30,0.3,0.3,"TC",21.0824785200716
90,0.3,0.3,"TC",16.1362592492262
30,0.5,0.3,"TC",21.5526067795366
90,0.5,0.3,"TC",17.714116509152
30,0.3,0.1,"TC",19.0898653281652
90,0.3,0.1,"TC",18.783604041272
30,0.5,0.1,"TC",22.2938887629572
90,0.5,0.1,"TC",20.1717713235183
30,0.3,0.3,"TC",21.2519769895954
90,0.3,0.3,"TC",19.2862671375078
30,0.5,0.3,"TC",24.7615651688675
90,0.5,0.3,"TC",19.5711912364285
30,0.3,0.1,"TC",19.3993238170869
90,0.3,0.1,"TC",16.4515356560859
30,0.5,0.1,"TC",18.0580161311777
90,0.5,0.1,"TC",11.4949744581332
30,0.3,0.3,"TC",17.8337873983538
90,0.3,0.3,"TC",22.2569124387615
30,0.5,0.3,"TC",26.3585119158215
90,0.5,0.3,"TC",14.2356762288311
30,0.3,0.1,"TC",22.2300532479167
90,0.3,0.1,"TC",19.2714197387534
30,0.5,0.1,"TC",19.2696301735392
90,0.5,0.1,"TC",16.699748827074
30,0.3,0.3,"TC",20.7051834441157
90,0.3,0.3,"TC",22.491013006246
30,0.5,0.3,"TC",22.2803879062458
90,0.5,0.3,"TC",19.2215136207673
30,0.3,0.1,"TC",17.0265973423771
90,0.3,0.1,"TC",17.7007371519751
30,0.5,0.1,"TC",19.3123299607899
90,0.5,0.1,"TC",15.3841037061647
30,0.3,0.3,"TC",17.9541213658988
90,0.3,0.3,"TC",19.2807726154179
30,0.5,0.3,"TC",21.2263237023096
90,0.5,0.3,"TC",18.2420891404925
30,0.3,0.1,"TC",20.859724972588
90,0.3,0.1,"TC",13.3517108654132
30,0.5,0.1,"TC",18.240126008896
90,0.5,0.1,"TC",16.5504097682861
30,0.3,0.3,"TC",18.5350566816555
90,0.3,0.3,"TC",21.3390607770421
30,0.5,0.3,"TC",21.896969003486
90,0.5,0.3,"TC",20.2467303676587
30,0.3,0.1,"TC",14.2439144512608
90,0.3,0.1,"TC",16.7218066002519
30,0.5,0.1,"TC",18.3227721465102
90,0.5,0.1,"TC",15.7169938860501
30,0.3,0.3,"TC",17.5698927098831
90,0.3,0.3,"TC",18.9901376361938
30,0.5,0.3,"TC",16.2245650686994
90,0.5,0.3,"TC",12.7722004630131
30,0.3,0.1,"TC",17.4230514005066
90,0.3,0.1,"TC",22.9337115636677
30,0.5,0.1,"TC",17.8206964444037
90,0.5,0.1,"TC",16.136365497768
30,0.3,0.3,"TC",21.7813378059487
90,0.3,0.3,"TC",16.6454600900979
30,0.5,0.3,"TC",24.1940457027586
90,0.5,0.3,"TC",18.2302436271384
30,0.3,0.1,"TC",18.6539282925099
90,0.3,0.1,"TC",19.8227500869482
30,0.5,0.1,"TC",21.4787166018352
90,0.5,0.1,"TC",21.9014352259687
30,0.3,0.3,"TC",17.6199363250786
90,0.3,0.3,"TC",19.0629425817648
30,0.5,0.3,"TC",21.0535885657641
90,0.5,0.3,"TC",17.0224115584085
30,0.3,0.1,"TC",16.2953199347843
90,0.3,0.1,"TC",20.5981659017648
30,0.5,0.1,"TC",21.9659562462271
90,0.5,0.1,"TC",14.6633248439211
30,0.3,0.3,"TC",20.3601731416569
90,0.3,0.3,"TC",17.7317296666086
30,0.5,0.3,"TC",20.0533042379193
90,0.5,0.3,"TC",23.8013698812003
30,0.3,0.1,"TC",17.4910448094749
90,0.3,0.1,"TC",22.261502479399
30,0.5,0.1,"TC",16.8730849110901
90,0.5,0.1,"TC",14.5292287435325
30,0.3,0.3,"TC",19.5294929128113
90,0.3,0.3,"TC",21.6974838234603
30,0.5,0.3,"TC",20.3495825639636
90,0.5,0.3,"TC",19.2406294832063
30,0.3,0.1,"TC",25.9543242878189
90,0.3,0.1,"TC",15.1808336916514
30,0.5,0.1,"TC",24.1166158187232
90,0.5,0.1,"TC",16.5649094481006
30,0.3,0.3,"TC",19.8221010308439
90,0.3,0.3,"TC",22.350733575166
30,0.5,0.3,"TC",15.2322877737266
90,0.5,0.3,"TC",18.453229279626
30,0.3,0.1,"TC",20.6176903509611
90,0.3,0.1,"TC",14.3951317442627
30,0.5,0.1,"TC",21.5825328778288
90,0.5,0.1,"TC",18.554915742594
30,0.3,0.3,"TC",13.9307629797542
90,0.3,0.3,"TC",19.7867017452931
30,0.5,0.3,"TC",20.2117283453042
90,0.5,0.3,"TC",19.1139586523382
30,0.3,0.1,"TC",17.5389583729718
90,0.3,0.1,"TC",19.667927500488
30,0.5,0.1,"TC",20.5528683165639
90,0.5,0.1,"TC",18.7082092289285
30,0.3,0.3,"TC",20.2027906648655
90,0.3,0.3,"TC",19.6921525710724
30,0.5,0.3,"TC",21.4367010043988
90,0.5,0.3,"TC",21.1454248808157
30,0.3,0.1,"TC",17.0733966815037
90,0.3,0.1,"TC",24.0012923496107
30,0.5,0.1,"TC",22.5540781655242
90,0.5,0.1,"TC",16.851610869111
30,0.3,0.3,"TC",15.4934604011189
90,0.3,0.3,"TC",21.4374240358558
30,0.5,0.3,"TC",20.306004199785
90,0.5,0.3,"TC",21.0228141477001
30,0.3,0.1,"TC",22.1918392922824
90,0.3,0.1,"TC",20.4085827827327
30,0.5,0.1,"TC",11.987052631702
90,0.5,0.1,"TC",15.4075379257778
30,0.3,0.3,"TC",14.9814203078095
90,0.3,0.3,"TC",20.7652748728887
30,0.5,0.3,"TC",21.3813076251508
90,0.5,0.3,"TC",13.7362940490106
30,0.3,0.1,"TC",18.8937982794829
90,0.3,0.1,"TC",19.2830974945536
30,0.5,0.1,"TC",20.6977214614344
90,0.5,0.1,"TC",16.4248999683701
30,0.3,0.3,"TC",24.4179607146533
90,0.3,0.3,"TC",15.103459176695
30,0.5,0.3,"TC",22.0149432552379
90,0.5,0.3,"TC",15.6203649667663
30,0.3,0.1,"TC",23.7078334958124
90,0.3,0.1,"TC",19.6325008308937
30,0.5,0.1,"TC",20.6290937815447
90,0.5,0.1,"TC",14.7380383019726
30,0.3,0.3,"TC",17.2661127150524
90,0.3,0.3,"TC",16.8520397516982
30,0.5,0.3,"TC",20.4693595180525
90,0.5,0.3,"TC",13.2207169531458
30,0.3,0.1,"TC",15.9799721144415
90,0.3,0.1,"TC",20.5939598533024
30,0.5,0.1,"TC",18.7797487833158
90,0.5,0.1,"TC",13.4557498875025
30,0.3,0.3,"TC",22.1903333033133
90,0.3,0.3,"TC",22.8103167362458
30,0.5,0.3,"TC",22.1673965965175
90,0.5,0.3,"TC",17.6931378828781
30,0.3,0.1,"TC",24.3123212805999
90,0.3,0.1,"TC",17.5733627494625
30,0.5,0.1,"TC",19.3150658342036
90,0.5,0.1,"TC",17.89272765326
30,0.3,0.3,"TC",22.5962792318901
90,0.3,0.3,"TC",15.5560154033963
30,0.5,0.3,"TC",18.0221586295519
90,0.5,0.3,"TC",17.428109810331
30,0.3,0.1,"TC",20.3871101107817
90,0.3,0.1,"TC",26.2109043238775
30,0.5,0.1,"TC",21.0959776481309
90,0.5,0.1,"TC",16.8006929039065
30,0.3,0.3,"TC",23.4775973352478
90,0.3,0.3,"TC",23.361775390551
30,0.5,0.3,"TC",19.6188845427162
90,0.5,0.3,"TC",21.1516910772808
30,0.3,0.1,"TC",19.468166731729
90,0.3,0.1,"TC",19.9469009900462
30,0.5,0.1,"TC",20.4798515316851
90,0.5,0.1,"TC",15.7011791751118
30,0.3,0.3,"TC",14.534960386353
90,0.3,0.3,"TC",22.9986393534809
30,0.5,0.3,"TC",19.5867479491517
90,0.5,0.3,"TC",19.3743686696178
30,0.3,0.1,"TC",25.4064020424507
90,0.3,0.1,"TC",20.3601990121359
30,0.5,0.1,"TC",25.448832984888
90,0.5,0.1,"TC",15.0319052988607
30,0.3,0.3,"TC",24.977617099915
90,0.3,0.3,"TC",16.5790833060323
30,0.5,0.3,"TC",23.9231413597842
90,0.5,0.3,"TC",23.2948899582076
30,0.3,0.1,"TC",16.2160191251014
90,0.3,0.1,"TC",18.2332041041104
30,0.5,0.1,"TC",20.5081042408191
90,0.5,0.1,"TC",16.291468016694
30,0.3,0.3,"TC",18.5561822222091
90,0.3,0.3,"TC",18.9514523497765
30,0.5,0.3,"TC",21.4155954819972
90,0.5,0.3,"TC",16.8369104152109
30,0.3,0.1,"TC",21.3203785342167
90,0.3,0.1,"TC",20.9144534053533
30,0.5,0.1,"TC",20.8301225795204
90,0.5,0.1,"TC",14.1170077856605
30,0.3,0.3,"TC",17.5581276923183
90,0.3,0.3,"TC",25.7528882092383
30,0.5,0.3,"TC",24.5580842111912
90,0.5,0.3,"TC",13.3193630566523
30,0.3,0.1,"TC",15.6057269480586
90,0.3,0.1,"TC",19.400186801707
30,0.5,0.1,"TC",18.0630603498403
90,0.5,0.1,"TC",20.0573716977277
30,0.3,0.3,"TC",19.2482769064136
90,0.3,0.3,"TC",16.8628114574884
30,0.5,0.3,"TC",22.5700965395618
90,0.5,0.3,"TC",20.1987083570448
30,0.3,0.1,"TC",18.1355068590601
90,0.3,0.1,"TC",13.5092782904526
30,0.5,0.1,"TC",16.5362350777622
90,0.5,0.1,"TC",17.6831001741234
30,0.3,0.3,"TC",18.235589453658
90,0.3,0.3,"TC",18.7470583801114
30,0.5,0.3,"TC",21.561779696338
90,0.5,0.3,"TC",19.6137363072548
30,0.3,0.1,"TC",25.3914747639184
90,0.3,0.1,"TC",22.5577138805714
30,0.5,0.1,"TC",19.9209373308351
90,0.5,0.1,"TC",13.8361642112211
30,0.3,0.3,"TC",18.9959857874583
90,0.3,0.3,"TC",18.041443307372
30,0.5,0.3,"TC",18.1792663965389
90,0.5,0.3,"TC",15.0579220627523
30,0.3,0.1,"TC",25.1615649555385
90,0.3,0.1,"TC",13.8733125729888
30,0.5,0.1,"TC",19.852781683977
90,0.5,0.1,"TC",17.1659038414658
30,0.3,0.3,"TC",17.6827939059509
90,0.3,0.3,"TC",16.6837798111601
30,0.5,0.3,"TC",18.4127619445136
90,0.5,0.3,"TC",15.9637646542219
30,0.3,0.1,"TC",16.763422158332
90,0.3,0.1,"TC",12.0818127209922
30,0.5,0.1,"TC",22.0350965662124
90,0.5,0.1,"TC",18.7765269044087
30,0.3,0.3,"TC",13.5240350716214
90,0.3,0.3,"TC",22.3305071993674
30,0.5,0.3,"TC",24.0481780373623
90,0.5,0.3,"TC",19.9180311016906
30,0.3,0.1,"TC",21.1212039531569
90,0.3,0.1,"TC",21.359425682859
30,0.5,0.1,"TC",15.1006302548651
90,0.5,0.1,"TC",19.4250877185063
30,0.3,0.3,"TC",16.9811887162471
90,0.3,0.3,"TC",20.4981927026864
30,0.5,0.3,"TC",21.2150237141563
90,0.5,0.3,"TC",17.4042402808044
30,0.3,0.1,"TC",17.6906165828162
90,0.3,0.1,"TC",20.2578786068549
30,0.5,0.1,"TC",19.1573331644374
90,0.5,0.1,"TC",21.0399439573244
30,0.3,0.3,"TC",16.3291926354782
90,0.3,0.3,"TC",18.0010024050493
30,0.5,0.3,"TC",17.5870823274557
90,0.5,0.3,"TC",17.3679702813429
30,0.3,0.1,"TC",18.4525286953325
90,0.3,0.1,"TC",21.093861726991
30,0.5,0.1,"TC",20.6452877213514
90,0.5,0.1,"TC",20.4560528515175
30,0.3,0.3,"TC",16.287471425754
90,0.3,0.3,"TC",25.7075957906571
30,0.5,0.3,"TC",17.4404951706507
90,0.5,0.3,"TC",23.1428349245217
30,0.3,0.1,"TC",19.9038066698212
90,0.3,0.1,"TC",16.5704629446933
30,0.5,0.1,"TC",20.3184759515527
90,0.5,0.1,"TC",13.82408517845
30,0.3,0.3,"TC",16.3885564713194
90,0.3,0.3,"TC",21.2604696796528
30,0.5,0.3,"TC",20.6509082580535
90,0.5,0.3,"TC",15.452118586983
30,0.3,0.1,"TC",20.3435083830382
90,0.3,0.1,"TC",17.3546154784344
30,0.5,0.1,"TC",15.8034884299981
90,0.5,0.1,"TC",16.3294245821962
30,0.3,0.3,"TC",19.4739002816575
90,0.3,0.3,"TC",15.0477239506844
30,0.5,0.3,"TC",15.8420933927778
90,0.5,0.3,"TC",18.8535457986795
30,0.3,0.1,"TC",19.7516187069012
90,0.3,0.1,"TC",20.5845485935002
30,0.5,0.1,"TC",19.905767717946
90,0.5,0.1,"TC",19.9763606250021
30,0.3,0.3,"TC",22.1422192611739
90,0.3,0.3,"TC",16.7335959924849
30,0.5,0.3,"TC",19.2563737729256
90,0.5,0.3,"TC",16.5138531186214
30,0.3,0.1,"TC",17.8965547864301
90,0.3,0.1,"TC",19.4764725962848
30,0.5,0.1,"TC",14.2030215945538
90,0.5,0.1,"TC",14.511936021752
30,0.3,0.3,"TC",23.0321671549074
90,0.3,0.3,"TC",17.5804894319126
30,0.5,0.3,"TC",22.016695415861
90,0.5,0.3,"TC",12.9382447185372
30,0.3,0.1,"TC",22.4907774212561
90,0.3,0.1,"TC",23.9260683458827
30,0.5,0.1,"TC",16.6008732019622
90,0.5,0.1,"TC",14.3562697091253
30,0.3,0.3,"TC",20.4831236768852
90,0.3,0.3,"TC",21.0248774148935
30,0.5,0.3,"TC",22.8888324755437
90,0.5,0.3,"TC",21.8214942964966
30,0.3,0.1,"TC",24.2302410967292
90,0.3,0.1,"TC",19.2370812803965
30,0.5,0.1,"TC",16.8478503217681
90,0.5,0.1,"TC",19.4381699705939
30,0.3,0.3,"TC",22.7951236491186
90,0.3,0.3,"TC",21.5497430645598
30,0.5,0.3,"TC",19.743885927026
90,0.5,0.3,"TC",15.492243424953
30,0.3,0.1,"TC",22.3450918071058
90,0.3,0.1,"TC",23.1016306482109
30,0.5,0.1,"TC",16.8941312994868
90,0.5,0.1,"TC",14.1099241788318
30,0.3,0.3,"TC",16.9901959908036
90,0.3,0.3,"TC",22.7197082907896
30,0.5,0.3,"TC",20.6158451155947
90,0.5,0.3,"TC",15.8750037109197
30,0.3,0.1,"TC",17.0837032334036
90,0.3,0.1,"TC",17.4615711994452
30,0.5,0.1,"TC",22.4363100185805
90,0.5,0.1,"TC",17.1327537160098
30,0.3,0.3,"TC",17.9153365860187
90,0.3,0.3,"TC",23.9470081886948
30,0.5,0.3,"TC",22.2395889882988
90,0.5,0.3,"TC",18.9504115230595
30,0.3,0.1,"TC",21.6290754423068
90,0.3,0.1,"TC",21.4243838765902
30,0.5,0.1,"TC",18.5137850823873
90,0.5,0.1,"TC",21.8731372821496
30,0.3,0.3,"TC",16.7215913011203
90,0.3,0.3,"TC",26.8106320391376
30,0.5,0.3,"TC",22.7902827020132
90,0.5,0.3,"TC",17.3265987862559
30,0.3,0.1,"TC",17.7426425774637
90,0.3,0.1,"TC",22.9512023769106
30,0.5,0.1,"TC",24.480158141791
90,0.5,0.1,"TC",17.4858549504536
30,0.3,0.3,"TC",18.8508220398606
90,0.3,0.3,"TC",16.7767653846635
30,0.5,0.3,"TC",18.6210013922979
90,0.5,0.3,"TC",14.282250507423
30,0.3,0.1,"TC",16.7059981737321
90,0.3,0.1,"TC",15.4953517568196
30,0.5,0.1,"TC",20.6594665329485
90,0.5,0.1,"TC",12.2182546272794
30,0.3,0.3,"TC",20.8420635826414
90,0.3,0.3,"TC",15.3383190470688
30,0.5,0.3,"TC",14.0757796627548
90,0.5,0.3,"TC",16.5443204694518
30,0.3,0.1,"TC",22.714213529553
90,0.3,0.1,"TC",24.972798612883
30,0.5,0.1,"TC",18.3379563314626
90,0.5,0.1,"TC",18.3405477705407
30,0.3,0.3,"TC",15.5112371279204
90,0.3,0.3,"TC",30.2473779902636
30,0.5,0.3,"TC",25.0619946028371
90,0.5,0.3,"TC",13.0136816301569
30,0.3,0.1,"TC",20.1056744579218
90,0.3,0.1,"TC",16.8897365765914
30,0.5,0.1,"TC",19.0820084749202
90,0.5,0.1,"TC",14.1466349861007
30,0.3,0.3,"TC",18.9568120505276
90,0.3,0.3,"TC",20.6093164823247
30,0.5,0.3,"TC",20.8397858679512
90,0.5,0.3,"TC",17.1271269547974
30,0.3,0.1,"TC",16.6296617452196
90,0.3,0.1,"TC",19.8508442552136
30,0.5,0.1,"TC",21.0209271090029
90,0.5,0.1,"TC",14.9463234163287
30,0.3,0.3,"TC",23.8533118397384
90,0.3,0.3,"TC",17.9181614150104
30,0.5,0.3,"TC",24.3925383118648
90,0.5,0.3,"TC",18.9972416343322
30,0.3,0.1,"TC",18.1122170051484
90,0.3,0.1,"TC",19.2884337162481
30,0.5,0.1,"TC",18.4503791696646
90,0.5,0.1,"TC",13.1937550912445
30,0.3,0.3,"TC",24.8940504437991
90,0.3,0.3,"TC",19.9895050709246
30,0.5,0.3,"TC",18.0647960331796
90,0.5,0.3,"TC",11.3838902994972
30,0.3,0.1,"TC",27.1532122600001
90,0.3,0.1,"TC",20.6978844532286
30,0.5,0.1,"TC",23.2089617605673
90,0.5,0.1,"TC",10.3375333603752
30,0.3,0.3,"TC",23.3962592356024
90,0.3,0.3,"TC",19.7811733680206
30,0.5,0.3,"TC",19.2850894828708
90,0.5,0.3,"TC",16.6752239359903
30,0.3,0.1,"TC",20.0254980330127
90,0.3,0.1,"TC",21.8731714641456
30,0.5,0.1,"TC",21.7699644178407
90,0.5,0.1,"TC",17.7045050619785
30,0.3,0.3,"TC",19.6190009240978
90,0.3,0.3,"TC",18.6633087276192
30,0.5,0.3,"TC",20.9387224955765
90,0.5,0.3,"TC",21.1426539241908
30,0.3,0.1,"TC",18.7197719554711
90,0.3,0.1,"TC",16.6039611290368
30,0.5,0.1,"TC",17.2258773146084
90,0.5,0.1,"TC",21.2500761620758
30,0.3,0.3,"TC",20.5943885955831
90,0.3,0.3,"TC",24.7234393690435
30,0.5,0.3,"TC",18.9759253588336
90,0.5,0.3,"TC",21.4501173177232
30,0.3,0.1,"TC",15.9493405506182
90,0.3,0.1,"TC",20.7192557255306
30,0.5,0.1,"TC",20.1065695459187
90,0.5,0.1,"TC",16.6004038461842
30,0.3,0.3,"TC",16.9625998950107
90,0.3,0.3,"TC",19.9299679356589
30,0.5,0.3,"TC",21.6385141463894
90,0.5,0.3,"TC",15.4939757076585
30,0.3,0.1,"TC",20.1852311239607
90,0.3,0.1,"TC",24.2904274998884
30,0.5,0.1,"TC",17.5702687180122
90,0.5,0.1,"TC",18.1896688631811
30,0.3,0.3,"TC",24.0001806476631
90,0.3,0.3,"TC",21.4074157081337
30,0.5,0.3,"TC",19.9123931867224
90,0.5,0.3,"TC",21.5672384982283
30,0.3,0.1,"TC",21.2864925581101
90,0.3,0.1,"TC",19.1105185979329
30,0.5,0.1,"TC",19.1340054372062
90,0.5,0.1,"TC",16.004732133424
30,0.3,0.3,"TC",10.5256174072475
90,0.3,0.3,"TC",19.6806062387168
30,0.5,0.3,"TC",18.6845556498432
90,0.5,0.3,"TC",20.1055185799044
30,0.3,0.1,"TC",21.2790953249611
90,0.3,0.1,"TC",22.992288327342
30,0.5,0.1,"TC",26.3384807095734
90,0.5,0.1,"TC",14.6396669841945
30,0.3,0.3,"TC",21.2705758069311
90,0.3,0.3,"TC",21.8396594582948
30,0.5,0.3,"TC",21.068686814554
90,0.5,0.3,"TC",18.390823484622
30,0.3,0.1,"TC",23.4915481749761
90,0.3,0.1,"TC",20.7725869026945
30,0.5,0.1,"TC",20.1216938960037
90,0.5,0.1,"TC",19.6212623409076
30,0.3,0.3,"TC",17.640495286808
90,0.3,0.3,"TC",19.9882286243982
30,0.5,0.3,"TC",17.11791064938
90,0.5,0.3,"TC",19.1992416662228
30,0.3,0.1,"TC",18.0836843149348
90,0.3,0.1,"TC",17.8955843168083
30,0.5,0.1,"TC",23.315428869606
90,0.5,0.1,"TC",17.2076899579583
30,0.3,0.3,"TC",20.2988279860174
90,0.3,0.3,"TC",18.8668000093317
30,0.5,0.3,"TC",20.7892412733621
90,0.5,0.3,"TC",19.730590681692
30,0.3,0.1,"TC",20.0521865582419
90,0.3,0.1,"TC",24.2875812718248
30,0.5,0.1,"TC",14.0040765200573
90,0.5,0.1,"TC",22.805214746096
30,0.3,0.3,"TC",19.6785542344116
90,0.3,0.3,"TC",23.076452327015
30,0.5,0.3,"TC",21.7980140841352
90,0.5,0.3,"TC",13.0694426504953
30,0.3,0.1,"TC",20.5721298396611
90,0.3,0.1,"TC",22.5091248973511
30,0.5,0.1,"TC",15.7054226486841
90,0.5,0.1,"TC",20.3154512477826
30,0.3,0.3,"TC",19.9212076787876
90,0.3,0.3,"TC",16.394699880176
30,0.5,0.3,"TC",18.1238265203648
90,0.5,0.3,"TC",22.2511566311632
30,0.3,0.1,"TC",21.3512363773672
90,0.3,0.1,"TC",17.2316350966662
30,0.5,0.1,"TC",22.1954040526511
90,0.5,0.1,"TC",18.8464376592201
30,0.3,0.3,"TC",18.5620311716503
90,0.3,0.3,"TC",21.2093482531287
30,0.5,0.3,"TC",19.9828100796342
90,0.5,0.3,"TC",11.9146506944726
30,0.3,0.1,"TC",19.861360283735
90,0.3,0.1,"TC",21.7108039565342
30,0.5,0.1,"TC",15.4637779069043
90,0.5,0.1,"TC",14.023406585379
30,0.3,0.3,"TC",21.54597729129
90,0.3,0.3,"TC",23.5736394734607
30,0.5,0.3,"TC",22.9169664640764
90,0.5,0.3,"TC",20.4542805608862
30,0.3,0.1,"TC",23.6212234613542
90,0.3,0.1,"TC",22.2768920512438
30,0.5,0.1,"TC",18.1423813808531
90,0.5,0.1,"TC",21.1173001311705
30,0.3,0.3,"TC",19.4892927073751
90,0.3,0.3,"TC",24.3379237376247
30,0.5,0.3,"TC",22.0240139733215
90,0.5,0.3,"TC",10.6756967821505
30,0.3,0.1,"TC",20.2738632632123
90,0.3,0.1,"TC",12.5348370172291
30,0.5,0.1,"TC",20.4720999373127
90,0.5,0.1,"TC",14.4268629973463
30,0.3,0.3,"TC",20.2384354107119
90,0.3,0.3,"TC",21.5199293109951
30,0.5,0.3,"TC",17.9164758800102
90,0.5,0.3,"TC",11.8489147584859
30,0.3,0.1,"TC",22.0085481691799
90,0.3,0.1,"TC",19.9343378708643
30,0.5,0.1,"TC",21.9984229558435
90,0.5,0.1,"TC",16.9215288625441
30,0.3,0.3,"TC",21.7777770208386
90,0.3,0.3,"TC",22.3904539102101
30,0.5,0.3,"TC",21.9296560296112
90,0.5,0.3,"TC",18.2371827879707
30,0.3,0.1,"TC",21.552097653961
90,0.3,0.1,"TC",16.4031225165296
30,0.5,0.1,"TC",17.883398444904
90,0.5,0.1,"TC",14.9765022114619
30,0.3,0.3,"TC",17.6234928929763
90,0.3,0.3,"TC",24.1553744803724
30,0.5,0.3,"TC",18.0317921804651
90,0.5,0.3,"TC",14.9234065290461
30,0.3,0.1,"TC",22.5414833338269
90,0.3,0.1,"TC",20.7500978973518
30,0.5,0.1,"TC",18.8690118809479
90,0.5,0.1,"TC",14.6053236994432
30,0.3,0.3,"TC",20.9062079410714
90,0.3,0.3,"TC",21.2068710077726
30,0.5,0.3,"TC",20.2387610981573
90,0.5,0.3,"TC",18.879894818692
30,0.3,0.1,"TC",23.2734050522267
90,0.3,0.1,"TC",17.578290939327
30,0.5,0.1,"TC",19.184029173524
90,0.5,0.1,"TC",16.0336247250883
30,0.3,0.3,"TC",22.8540799771603
90,0.3,0.3,"TC",13.3877337315016
30,0.5,0.3,"TC",19.6281364395007
90,0.5,0.3,"TC",23.3102566402396
30,0.3,0.1,"TC",19.3919015564183
90,0.3,0.1,"TC",16.4812049198759
30,0.5,0.1,"TC",15.5462463028182
90,0.5,0.1,"TC",18.1157246517707
30,0.3,0.3,"TC",15.8216168306353
90,0.3,0.3,"TC",19.9110848755046
30,0.5,0.3,"TC",18.8725852598247
90,0.5,0.3,"TC",13.5181449211695
30,0.3,0.1,"TC",24.4922749312552
90,0.3,0.1,"TC",23.7274185970351
30,0.5,0.1,"TC",20.2214342539737
90,0.5,0.1,"TC",12.7984207130797
30,0.3,0.3,"TC",22.1892262877357
90,0.3,0.3,"TC",15.9687850082744
30,0.5,0.3,"TC",22.4136140785489
90,0.5,0.3,"TC",12.2053260917801
30,0.3,0.1,"TC",21.1109455521121
90,0.3,0.1,"TC",22.8450330761091
30,0.5,0.1,"TC",24.2221820863512
90,0.5,0.1,"TC",11.540789355474
30,0.3,0.3,"TC",22.0689589005725
90,0.3,0.3,"TC",19.2334661164309
30,0.5,0.3,"TC",17.2802616459101
90,0.5,0.3,"TC",15.2328911694843
30,0.3,0.1,"TC",15.0615807112473
90,0.3,0.1,"TC",20.0859849312219
30,0.5,0.1,"TC",19.9365973257161
90,0.5,0.1,"TC",22.1167531086748
30,0.3,0.3,"TC",20.0928064486634
90,0.3,0.3,"TC",21.6900902177382
30,0.5,0.3,"TC",15.8572881101141
90,0.5,0.3,"TC",14.8263759159059
30,0.3,0.1,"TC",17.1222042131691
90,0.3,0.1,"TC",19.3590666681188
30,0.5,0.1,"TC",18.3464664828215
90,0.5,0.1,"TC",22.6974350324553
30,0.3,0.3,"TC",16.4838391638847
90,0.3,0.3,"TC",18.2361281039816
30,0.5,0.3,"TC",22.6209295853323
90,0.5,0.3,"TC",16.9340125798454
30,0.3,0.1,"TC",22.6821006809614
90,0.3,0.1,"TC",18.7590781209403
30,0.5,0.1,"TC",19.3008870368333
90,0.5,0.1,"TC",15.3192102548917
30,0.3,0.3,"TC",15.7859302776846
90,0.3,0.3,"TC",20.5129543538649
30,0.5,0.3,"TC",20.4162456195393
90,0.5,0.3,"TC",18.7491079253547
30,0.3,0.1,"TC",24.4673471235123
90,0.3,0.1,"TC",11.7902482021967
30,0.5,0.1,"TC",23.2904496553948
90,0.5,0.1,"TC",22.3571864774072
30,0.3,0.3,"TC",22.3651380525973
90,0.3,0.3,"TC",22.2165989148018
30,0.5,0.3,"TC",22.4179550991785
90,0.5,0.3,"TC",19.8825568092508
30,0.3,0.1,"TC",18.3229397920742
90,0.3,0.1,"TC",17.3237463628812
30,0.5,0.1,"TC",21.0140230323071
90,0.5,0.1,"TC",17.3848056649285
30,0.3,0.3,"TC",13.5215602163752
90,0.3,0.3,"TC",21.2850456596921
30,0.5,0.3,"TC",17.3593060254223
90,0.5,0.3,"TC",18.8481281383822
30,0.3,0.1,"TC",19.1850315018893
90,0.3,0.1,"TC",19.4216260846991
30,0.5,0.1,"TC",20.465453799002
90,0.5,0.1,"TC",16.9708036563816
30,0.3,0.3,"TC",22.8412048728676
90,0.3,0.3,"TC",23.8383089170875
30,0.5,0.3,"TC",20.8394422533377
90,0.5,0.3,"TC",9.83875179376911
30,0.3,0.1,"TC",20.194313768447
90,0.3,0.1,"TC",17.4783372915077
30,0.5,0.1,"TC",22.538686405773
90,0.5,0.1,"TC",16.4508090462481
30,0.3,0.3,"TC",22.4409097171441
90,0.3,0.3,"TC",20.4826600546713
30,0.5,0.3,"TC",19.575634454523
90,0.5,0.3,"TC",19.7876932109263
30,0.3,0.1,"TC",15.2695736835797
90,0.3,0.1,"TC",19.0960368380506
30,0.5,0.1,"TC",22.8471703093567
90,0.5,0.1,"TC",18.8298621781271
30,0.3,0.3,"TC",17.7008960693167
90,0.3,0.3,"TC",20.9012586256983
30,0.5,0.3,"TC",20.0297252517739
90,0.5,0.3,"TC",14.7282233714792
30,0.3,0.1,"TC",21.1688952678874
90,0.3,0.1,"TC",17.5339862538463
30,0.5,0.1,"TC",16.2044112768027
90,0.5,0.1,"TC",23.0727465954629
30,0.3,0.3,"TC",20.4000393053908
90,0.3,0.3,"TC",17.4382943563326
30,0.5,0.3,"TC",23.4042130967095
90,0.5,0.3,"TC",22.4460428951409
30,0.3,0.1,"TC",16.6389466405572
90,0.3,0.1,"TC",18.1133771485443
30,0.5,0.1,"TC",15.9198703026057
90,0.5,0.1,"TC",19.0106984020158
30,0.3,0.3,"TC",21.9956917456384
90,0.3,0.3,"TC",17.2801680593455
30,0.5,0.3,"TC",20.8058781988947
90,0.5,0.3,"TC",17.5778027178933
30,0.3,0.1,"TC",15.9309759101098
90,0.3,0.1,"TC",22.0869134489764
30,0.5,0.1,"TC",24.4235811540938
90,0.5,0.1,"TC",13.6497044215698
30,0.3,0.3,"TC",24.3562439999895
90,0.3,0.3,"TC",15.8989328569436
30,0.5,0.3,"TC",24.5701820803818
90,0.5,0.3,"TC",19.2948056426192
30,0.3,0.1,"TC",13.6463729101629
90,0.3,0.1,"TC",20.4371690252104
30,0.5,0.1,"TC",20.4935881474721
90,0.5,0.1,"TC",18.487099745044
30,0.3,0.3,"TC",21.2563911926565
90,0.3,0.3,"TC",19.0817802348312
30,0.5,0.3,"TC",17.1269070924403
90,0.5,0.3,"TC",15.0896279157291
30,0.3,0.1,"TC",21.2110058253549
90,0.3,0.1,"TC",23.8743107101346
30,0.5,0.1,"TC",18.4210982651752
90,0.5,0.1,"TC",23.4499688449919
30,0.3,0.3,"TC",20.8499839637096
90,0.3,0.3,"TC",19.0751108137991
30,0.5,0.3,"TC",22.3828737079971
90,0.5,0.3,"TC",14.7012393071627
30,0.3,0.1,"TC",15.0888778187366
90,0.3,0.1,"TC",19.2569147526561
30,0.5,0.1,"TC",21.6741497513082
90,0.5,0.1,"TC",16.9148869495769
30,0.3,0.3,"TC",20.719665223524
90,0.3,0.3,"TC",18.0084847194207
30,0.5,0.3,"TC",18.647634444266
90,0.5,0.3,"TC",15.7836363129263
30,0.3,0.1,"TC",14.3893013609351
90,0.3,0.1,"TC",16.3353769918881
30,0.5,0.1,"TC",24.1107495613135
90,0.5,0.1,"TC",15.0232251922881
30,0.3,0.3,"TC",21.1104796731383
90,0.3,0.3,"TC",13.8646601422804
30,0.5,0.3,"TC",19.1004279401362
90,0.5,0.3,"TC",19.0466594185912
30,0.3,0.1,"TC",20.3836565771132
90,0.3,0.1,"TC",18.4742080138987
30,0.5,0.1,"TC",17.1121763682551
90,0.5,0.1,"TC",18.8097787392284
30,0.3,0.3,"TC",18.4692810522401
90,0.3,0.3,"TC",20.1595062068808
30,0.5,0.3,"TC",23.1734540259873
90,0.5,0.3,"TC",17.2412885318969
30,0.3,0.1,"TC",19.8672913705609
90,0.3,0.1,"TC",22.2006422544587
30,0.5,0.1,"TC",15.9608293263046
90,0.5,0.1,"TC",17.0421326288107
30,0.3,0.3,"TC",16.5122022526165
90,0.3,0.3,"TC",18.1665379943394
30,0.5,0.3,"TC",21.741147991071
90,0.5,0.3,"TC",21.817081499827
30,0.3,0.1,"TC",22.7914027592706
90,0.3,0.1,"TC",20.373023694609
30,0.5,0.1,"TC",18.4826724274516
90,0.5,0.1,"TC",13.1237572523787
30,0.3,0.3,"TC",17.9160826738274
90,0.3,0.3,"TC",20.0343588361793
30,0.5,0.3,"TC",18.8282810950334
90,0.5,0.3,"TC",15.2872956874098
30,0.3,0.1,"TC",25.0924703634393
90,0.3,0.1,"TC",19.721551730219
30,0.5,0.1,"TC",19.4166075316645
90,0.5,0.1,"TC",13.3300099457838
30,0.3,0.3,"TC",23.1690881439663
90,0.3,0.3,"TC",17.8023250142533
30,0.5,0.3,"TC",17.9673094056206
90,0.5,0.3,"TC",22.7411279422905
30,0.3,0.1,"TC",22.982884128691
90,0.3,0.1,"TC",24.9134909037427
30,0.5,0.1,"TC",15.5548522190651
90,0.5,0.1,"TC",20.5338109482927
30,0.3,0.3,"TC",19.6302127992974
90,0.3,0.3,"TC",21.9111852999623
30,0.5,0.3,"TC",20.3311774867822
90,0.5,0.3,"TC",21.1016418170146
30,0.3,0.1,"TC",18.5828079550431
90,0.3,0.1,"TC",30.8156041960225
30,0.5,0.1,"TC",15.4367684703785
90,0.5,0.1,"TC",14.9494336119907
30,0.3,0.3,"TC",22.5334944552171
90,0.3,0.3,"TC",18.878149607691
30,0.5,0.3,"TC",18.0130088041775
90,0.5,0.3,"TC",26.3530858141598
30,0.3,0.1,"TC",25.0815865203316
90,0.3,0.1,"TC",20.1576037760291
30,0.5,0.1,"TC",21.0497870961381
90,0.5,0.1,"TC",20.6090043367343
30,0.3,0.3,"TC",23.0263959173949
90,0.3,0.3,"TC",15.1166779427427
30,0.5,0.3,"TC",21.6629006931329
90,0.5,0.3,"TC",21.5193244053333
30,0.3,0.1,"TC",16.5258522680372
90,0.3,0.1,"TC",20.30216313173
30,0.5,0.1,"TC",17.8220649214312
90,0.5,0.1,"TC",14.4040525006175
30,0.3,0.3,"TC",13.0505019430807
90,0.3,0.3,"TC",23.8417015724826
30,0.5,0.3,"TC",20.2953387666458
90,0.5,0.3,"TC",16.6298285863219
30,0.3,0.1,"TC",18.1627105256548
90,0.3,0.1,"TC",13.67891783316
30,0.5,0.1,"TC",25.1085263593353
90,0.5,0.1,"TC",16.7126221558748
30,0.3,0.3,"TC",22.2812209509486
90,0.3,0.3,"TC",27.4234286250475
30,0.5,0.3,"TC",13.0170632778679
90,0.5,0.3,"TC",17.059450531422
30,0.3,0.1,"TC",23.132759087305
90,0.3,0.1,"TC",17.1973222754644
30,0.5,0.1,"TC",19.1998456196285
90,0.5,0.1,"TC",14.2097062721129
30,0.3,0.3,"TC",16.533570310108
90,0.3,0.3,"TC",16.1075500956671
30,0.5,0.3,"TC",17.8228812511014
90,0.5,0.3,"TC",22.1110369613254
30,0.3,0.1,"TC",23.8239663367124
90,0.3,0.1,"TC",21.1501851967466
30,0.5,0.1,"TC",21.8004241506001
90,0.5,0.1,"TC",20.7503161608599
30,0.3,0.3,"TC",18.422467656684
90,0.3,0.3,"TC",24.2358188943248
30,0.5,0.3,"TC",24.1829885225945
90,0.5,0.3,"TC",21.9453020107024
30,0.3,0.1,"TC",16.8116150908272
90,0.3,0.1,"TC",20.752083709364
30,0.5,0.1,"TC",21.3755360966214
90,0.5,0.1,"TC",18.5521287819208
30,0.3,0.3,"TC",22.3837805999008
90,0.3,0.3,"TC",14.7881654690102
30,0.5,0.3,"TC",21.2988452043772
90,0.5,0.3,"TC",15.4550753873747
30,0.3,0.1,"TC",14.1341525978994
90,0.3,0.1,"TC",16.6285121953093
30,0.5,0.1,"TC",19.4845691494386
90,0.5,0.1,"TC",24.3615317326462
30,0.3,0.3,"TC",23.7396840152162
90,0.3,0.3,"TC",20.5033581121429
30,0.5,0.3,"TC",20.2518846474078
90,0.5,0.3,"TC",18.6876196332105
30,0.3,0.1,"TC",19.5252405102351
90,0.3,0.1,"TC",19.0975223832589
30,0.5,0.1,"TC",23.8877822966779
90,0.5,0.1,"TC",17.0418264931453
30,0.3,0.3,"TC",19.3705102763249
90,0.3,0.3,"TC",22.112280836908
30,0.5,0.3,"TC",18.086607001868
90,0.5,0.3,"TC",20.5288915674318
30,0.3,0.1,"TC",20.2008892595485
90,0.3,0.1,"TC",20.7052666850809
30,0.5,0.1,"TC",21.1721382610002
90,0.5,0.1,"TC",19.2412720127402
30,0.3,0.3,"TC",18.0892969581906
90,0.3,0.3,"TC",25.5261422290553
30,0.5,0.3,"TC",21.9248627857466
90,0.5,0.3,"TC",11.4774321121526
30,0.3,0.1,"TC",22.2368491618587
90,0.3,0.1,"TC",17.8713433827267
30,0.5,0.1,"TC",19.4394704621073
90,0.5,0.1,"TC",14.0386135395803
30,0.3,0.3,"TC",22.5220858042742
90,0.3,0.3,"TC",18.303197457083
30,0.5,0.3,"TC",17.753963337571
90,0.5,0.3,"TC",17.5611947347023
30,0.3,0.1,"TC",15.6746826099386
90,0.3,0.1,"TC",21.8844689843439
30,0.5,0.1,"TC",16.4998467748394
90,0.5,0.1,"TC",18.8614911042214
30,0.3,0.3,"TC",19.816938076949
90,0.3,0.3,"TC",19.3221147376168
30,0.5,0.3,"TC",18.5196585154901
90,0.5,0.3,"TC",14.6775286317985
30,0.3,0.1,"TC",18.0010451847557
90,0.3,0.1,"TC",16.3175676071548
30,0.5,0.1,"TC",22.9819976492055
90,0.5,0.1,"TC",14.070895622221
30,0.3,0.3,"TC",19.2624850857433
90,0.3,0.3,"TC",22.7061814408472
30,0.5,0.3,"TC",20.865187804518
90,0.5,0.3,"TC",13.4907338475823
30,0.3,0.1,"TC",15.5387327461155
90,0.3,0.1,"TC",23.0222279945629
30,0.5,0.1,"TC",22.0459389207288
90,0.5,0.1,"TC",16.249312432294
30,0.3,0.3,"TC",17.0218850161938
90,0.3,0.3,"TC",17.0707825787208
30,0.5,0.3,"TC",22.2608152072192
90,0.5,0.3,"TC",17.1027580863977
30,0.3,0.1,"TC",18.976311912673
90,0.3,0.1,"TC",24.2085376567983
30,0.5,0.1,"TC",18.8466961100746
90,0.5,0.1,"TC",17.8620670602929
30,0.3,0.3,"TC",18.4763889521229
90,0.3,0.3,"TC",22.0547180460916
30,0.5,0.3,"TC",13.055287517448
90,0.5,0.3,"TC",11.5616766267544
30,0.3,0.1,"TC",19.2323240751345
90,0.3,0.1,"TC",16.1742982028461
30,0.5,0.1,"TC",26.2619103626829
90,0.5,0.1,"TC",16.441016777101
30,0.3,0.3,"TC",21.9656957766027
90,0.3,0.3,"TC",18.8298268995475
30,0.5,0.3,"TC",24.7365532478515
90,0.5,0.3,"TC",19.768434892838
30,0.3,0.1,"TC",17.4173016889207
90,0.3,0.1,"TC",23.9622553348346
30,0.5,0.1,"TC",24.8901936514943
90,0.5,0.1,"TC",16.070574356817
30,0.3,0.3,"TC",20.9552403383455
90,0.3,0.3,"TC",13.7128436637853
30,0.5,0.3,"TC",19.3143809077408
90,0.5,0.3,"TC",11.547930560385
30,0.3,0.1,"TC",17.6815450125257
90,0.3,0.1,"TC",16.9441643438818
30,0.5,0.1,"TC",14.8330727961937
90,0.5,0.1,"TC",21.5241778381634
30,0.3,0.3,"TC",21.9325106153267
90,0.3,0.3,"TC",16.2019742826144
30,0.5,0.3,"TC",18.152467812166
90,0.5,0.3,"TC",20.8195221683332
30,0.3,0.1,"TC",20.7955967369085
90,0.3,0.1,"TC",21.4100971874224
30,0.5,0.1,"TC",20.9032960578946
90,0.5,0.1,"TC",17.6144593112818
30,0.3,0.3,"TC",22.447510925235
90,0.3,0.3,"TC",16.7819263001272
30,0.5,0.3,"TC",27.3536276181117
90,0.5,0.3,"TC",14.5500240182516
30,0.3,0.1,"TC",15.5745825229903
90,0.3,0.1,"TC",17.4185368906711
30,0.5,0.1,"TC",17.0276002574879
90,0.5,0.1,"TC",16.4211501817972
30,0.3,0.3,"TC",24.5387301152426
90,0.3,0.3,"TC",24.4559931390009
30,0.5,0.3,"TC",19.1960522051071
90,0.5,0.3,"TC",19.4348545397382
30,0.3,0.1,"TC",15.722888779968
90,0.3,0.1,"TC",21.1712251394956
30,0.5,0.1,"TC",21.7107829672421
90,0.5,0.1,"TC",17.3394206029942
30,0.3,0.3,"TC",20.8761993901243
90,0.3,0.3,"TC",22.3912056556537
30,0.5,0.3,"TC",19.7347150915039
90,0.5,0.3,"TC",16.5724576241875
30,0.3,0.1,"TC",20.0443015058509
90,0.3,0.1,"TC",22.3883211073428
30,0.5,0.1,"TC",21.6813946666199
90,0.5,0.1,"TC",22.5357304515841
30,0.3,0.3,"TC",19.0905531661189
90,0.3,0.3,"TC",15.3192137505658
30,0.5,0.3,"TC",24.9260463749032
90,0.5,0.3,"TC",16.6325672702462
30,0.3,0.1,"TC",21.6396114127123
90,0.3,0.1,"TC",16.7912884880363
30,0.5,0.1,"TC",19.2637113737967
90,0.5,0.1,"TC",26.1496235279783
30,0.3,0.3,"TC",17.7765382189036
90,0.3,0.3,"TC",18.1877822511415
30,0.5,0.3,"TC",19.0942343012761
90,0.5,0.3,"TC",20.5848080517195
30,0.3,0.1,"TC",23.9219643559724
90,0.3,0.1,"TC",20.4305245735483
30,0.5,0.1,"TC",21.4824297628709
90,0.5,0.1,"TC",15.5271536770144
30,0.3,0.3,"TC",18.7806070527152
90,0.3,0.3,"TC",16.2192639616173
30,0.5,0.3,"TC",19.7461069734781
90,0.5,0.3,"TC",17.2711021862778
30,0.3,0.1,"TC",23.4110008384584
90,0.3,0.1,"TC",15.3169458154888
30,0.5,0.1,"TC",14.0190464636124
90,0.5,0.1,"TC",15.4414246041197
30,0.3,0.3,"TC",18.8193515259102
90,0.3,0.3,"TC",18.8385306642482
30,0.5,0.3,"TC",27.9880956159364
90,0.5,0.3,"TC",15.1066285250202
30,0.3,0.1,"TC",19.3164724252462
90,0.3,0.1,"TC",24.8018888852895
30,0.5,0.1,"TC",24.9050983578602
90,0.5,0.1,"TC",15.0663817157575
30,0.3,0.3,"TC",18.1855441867026
90,0.3,0.3,"TC",19.2803185876503
30,0.5,0.3,"TC",22.2373101189847
90,0.5,0.3,"TC",19.6334932461053
30,0.3,0.1,"TC",22.2233940305049
90,0.3,0.1,"TC",19.681685389167
30,0.5,0.1,"TC",22.8782259939021
90,0.5,0.1,"TC",13.4093143591957
30,0.3,0.3,"TC",22.2850583797674
90,0.3,0.3,"TC",15.8877679177768
30,0.5,0.3,"TC",20.1246227430867
90,0.5,0.3,"TC",21.458231345642
30,0.3,0.1,"TC",23.0179296468668
90,0.3,0.1,"TC",23.1590298030241
30,0.5,0.1,"TC",23.2245591931386
90,0.5,0.1,"TC",15.3625491990979
30,0.3,0.3,"TC",20.183448181402
90,0.3,0.3,"TC",20.1494366094603
30,0.5,0.3,"TC",16.2605194291255
90,0.5,0.3,"TC",12.3581182742064
30,0.3,0.1,"TC",21.9220095777404
90,0.3,0.1,"TC",24.3568762259562
30,0.5,0.1,"TC",24.0141929967697
90,0.5,0.1,"TC",15.9328686113595
30,0.3,0.3,"TC",21.3597918479697
90,0.3,0.3,"TC",18.64658667071
30,0.5,0.3,"TC",23.4198586930724
90,0.5,0.3,"TC",16.7883722862494
30,0.3,0.1,"TC",19.0840191891822
90,0.3,0.1,"TC",27.6906872661956
30,0.5,0.1,"TC",14.5192284679193
90,0.5,0.1,"TC",15.8525185814596
30,0.3,0.3,"TC",18.3332247808069
90,0.3,0.3,"TC",13.8189858665537
30,0.5,0.3,"TC",16.3570191834948
90,0.5,0.3,"TC",17.7439826503595
30,0.3,0.1,"TC",13.8435269833237
90,0.3,0.1,"TC",21.3370648476771
30,0.5,0.1,"TC",18.7694775159277
90,0.5,0.1,"TC",14.9036473396547
30,0.3,0.3,"TC",17.7022198142302
90,0.3,0.3,"TC",16.554629966275
30,0.5,0.3,"TC",18.3455521668581
90,0.5,0.3,"TC",19.8284113490675
30,0.3,0.1,"TC",19.4663561191813
90,0.3,0.1,"TC",20.7274086183851
30,0.5,0.1,"TC",20.8545692652382
90,0.5,0.1,"TC",19.7474596433689
30,0.3,0.3,"TC",20.159877823203
90,0.3,0.3,"TC",29.1871208928363
30,0.5,0.3,"TC",24.6005496873745
90,0.5,0.3,"TC",13.6150892855969
30,0.3,0.1,"TC",17.7491424778321
90,0.3,0.1,"TC",15.7721346192087
30,0.5,0.1,"TC",18.9374503886493
90,0.5,0.1,"TC",15.6673085941319
30,0.3,0.3,"TC",17.5522122813468
90,0.3,0.3,"TC",18.3838568667286
30,0.5,0.3,"TC",18.9288436119258
90,0.5,0.3,"TC",17.6736679812001
30,0.3,0.1,"TC",18.9189304988026
90,0.3,0.1,"TC",18.9647584851546
30,0.5,0.1,"TC",24.7084497068666
90,0.5,0.1,"TC",13.4635213966326
30,0.3,0.3,"TC",18.9939390847457
90,0.3,0.3,"TC",25.4480917289645
30,0.5,0.3,"TC",22.2082815031574
90,0.5,0.3,"TC",16.7035030415476
30,0.3,0.1,"TC",21.6714319103351
90,0.3,0.1,"TC",19.0097418958036
30,0.5,0.1,"TC",21.2415496482831
90,0.5,0.1,"TC",13.8344776104426
30,0.3,0.3,"TC",18.3699459375323
90,0.3,0.3,"TC",16.4456627123168
30,0.5,0.3,"TC",19.6868645385076
90,0.5,0.3,"TC",20.8549898285927
30,0.3,0.1,"TC",21.003730871406
90,0.3,0.1,"TC",24.32732309182
30,0.5,0.1,"TC",21.7683151963587
90,0.5,0.1,"TC",10.0020409901391
30,0.3,0.3,"TC",21.0998754671933
90,0.3,0.3,"TC",20.0267209119259
30,0.5,0.3,"TC",14.9983930706787
90,0.5,0.3,"TC",12.8664743816381
30,0.3,0.1,"TC",22.8660822516824
90,0.3,0.1,"TC",20.8162897265693
30,0.5,0.1,"TC",16.7985970275043
90,0.5,0.1,"TC",16.3699703937973
30,0.3,0.3,"TC",20.9792245284879
90,0.3,0.3,"TC",23.0224916018182
30,0.5,0.3,"TC",20.2560738951232
90,0.5,0.3,"TC",23.5366274487948
30,0.3,0.1,"TC",19.7542347200569
90,0.3,0.1,"TC",17.5802513656743
30,0.5,0.1,"TC",23.0767372093691
90,0.5,0.1,"TC",14.6118812594848
30,0.3,0.3,"TC",26.9993124435231
90,0.3,0.3,"TC",22.4648107343812
30,0.5,0.3,"TC",20.7738862865548
90,0.5,0.3,"TC",19.033794948135
30,0.3,0.1,"TC",20.4021741889657
90,0.3,0.1,"TC",22.7191308526317
30,0.5,0.1,"TC",16.2919762567606
90,0.5,0.1,"TC",12.2071583129492
30,0.3,0.3,"TC",25.7245727698331
90,0.3,0.3,"TC",18.8942441449666
30,0.5,0.3,"TC",22.8205801976113
90,0.5,0.3,"TC",17.2135756817979
30,0.3,0.1,"TC",22.515653000233
90,0.3,0.1,"TC",18.8834235097968
30,0.5,0.1,"TC",23.1206890830795
90,0.5,0.1,"TC",14.2959609255448
30,0.3,0.3,"TC",17.9593732252436
90,0.3,0.3,"TC",19.7785569250614
30,0.5,0.3,"TC",20.7112595200203
90,0.5,0.3,"TC",16.5232522127184
30,0.3,0.1,"TC",18.7894307558436
90,0.3,0.1,"TC",22.8875552650984
30,0.5,0.1,"TC",21.5952426086494
90,0.5,0.1,"TC",20.7271470933207
30,0.3,0.3,"TC",22.5928522047441
90,0.3,0.3,"TC",17.5651834084897
30,0.5,0.3,"TC",19.3604657757928
90,0.5,0.3,"TC",18.4136142511917
30,0.3,0.1,"TC",17.7291968619829
90,0.3,0.1,"TC",18.7157215122127
30,0.5,0.1,"TC",18.7516222823519
90,0.5,0.1,"TC",15.2358220060869
30,0.3,0.3,"TC",26.6691309309428
90,0.3,0.3,"TC",19.529138926405
30,0.5,0.3,"TC",19.7918827296177
90,0.5,0.3,"TC",19.7230938383312
30,0.3,0.1,"TC",23.5604278447431
90,0.3,0.1,"TC",22.2023078937844
30,0.5,0.1,"TC",19.9303344339153
90,0.5,0.1,"TC",15.7895639837597
30,0.3,0.3,"TC",24.4428755690428
90,0.3,0.3,"TC",21.481961681913
30,0.5,0.3,"TC",16.9581941429922
90,0.5,0.3,"TC",12.2920822961245
30,0.3,0.1,"TC",16.516353592065
90,0.3,0.1,"TC",16.2133499229722
30,0.5,0.1,"TC",17.9434757991318
90,0.5,0.1,"TC",19.3883889261813
30,0.3,0.3,"TC",20.2743507237495
90,0.3,0.3,"TC",20.8919164904302
30,0.5,0.3,"TC",21.7319542960155
90,0.5,0.3,"TC",15.8995454581418
30,0.3,0.1,"TC",19.9137817380285
90,0.3,0.1,"TC",17.2534881365629
30,0.5,0.1,"TC",12.9368510528721
90,0.5,0.1,"TC",15.6314966886907
30,0.3,0.3,"TC",21.4775362470312
90,0.3,0.3,"TC",18.6957689793051
30,0.5,0.3,"TC",18.5657165625387
90,0.5,0.3,"TC",14.8064710860125
30,0.3,0.1,"TC",21.6529451268661
90,0.3,0.1,"TC",22.1315517146104
30,0.5,0.1,"TC",20.049346962511
90,0.5,0.1,"TC",19.7166608639133
30,0.3,0.3,"TC",21.2392532334008
90,0.3,0.3,"TC",21.077524076942
30,0.5,0.3,"TC",16.548404745784
90,0.5,0.3,"TC",20.563269532382
30,0.3,0.1,"TC",17.2794260883921
90,0.3,0.1,"TC",16.5347287367868
30,0.5,0.1,"TC",22.0725355588405
90,0.5,0.1,"TC",16.8819851782317
30,0.3,0.3,"TC",19.7914672197206
90,0.3,0.3,"TC",17.0787276441245
30,0.5,0.3,"TC",13.7193780331885
90,0.5,0.3,"TC",16.456892180623
30,0.3,0.1,"TC",17.4153097074329
90,0.3,0.1,"TC",20.9023938152705
30,0.5,0.1,"TC",21.8191256719097
90,0.5,0.1,"TC",21.1946139906953
30,0.3,0.3,"TC",20.4538343884196
90,0.3,0.3,"TC",21.8854921298135
30,0.5,0.3,"TC",17.7018307919547
90,0.5,0.3,"TC",15.3679869728112
30,0.3,0.1,"TC",21.2879591196504
90,0.3,0.1,"TC",19.7158175655466
30,0.5,0.1,"TC",17.2715023946278
90,0.5,0.1,"TC",21.9550952767136
30,0.3,0.3,"TC",15.415114900852
90,0.3,0.3,"TC",20.2733180224787
30,0.5,0.3,"TC",19.0432844150726
90,0.5,0.3,"TC",19.1480678244104
30,0.3,0.1,"TC",20.9842712596059
90,0.3,0.1,"TC",26.9502287375152
30,0.5,0.1,"TC",17.2968655851508
90,0.5,0.1,"TC",18.6785682599756
30,0.3,0.3,"TC",20.6921838988237
90,0.3,0.3,"TC",18.1909257154821
30,0.5,0.3,"TC",19.7387700554655
90,0.5,0.3,"TC",12.6649300931153
30,0.3,0.1,"TC",25.3267561572152
90,0.3,0.1,"TC",17.4810090866862
30,0.5,0.1,"TC",26.6339095343527
90,0.5,0.1,"TC",15.4948795781664
30,0.3,0.3,"TC",19.9255553770212
90,0.3,0.3,"TC",19.0370955997216
30,0.5,0.3,"TC",17.7588422106937
90,0.5,0.3,"TC",10.7535023435006
30,0.3,0.1,"TC",12.6679547090042
90,0.3,0.1,"TC",23.1995304145569
30,0.5,0.1,"TC",20.1935202543046
90,0.5,0.1,"TC",14.4590784578888
30,0.3,0.3,"TC",17.7225419818656
90,0.3,0.3,"TC",18.3291910034966
30,0.5,0.3,"TC",17.3924060566379
90,0.5,0.3,"TC",20.5382162930412
30,0.3,0.1,"TC",22.7006597595404
90,0.3,0.1,"TC",19.4515612447997
30,0.5,0.1,"TC",25.7243449589215
90,0.5,0.1,"TC",16.3564073399451
30,0.3,0.3,"TC",19.3007611329564
90,0.3,0.3,"TC",17.8038294305953
30,0.5,0.3,"TC",24.6716335881896
90,0.5,0.3,"TC",16.1653400381915
30,0.3,0.1,"TC",21.1698624864843
90,0.3,0.1,"TC",16.4806319365231
30,0.5,0.1,"TC",18.1258173474237
90,0.5,0.1,"TC",15.674375838128
30,0.3,0.3,"TC",20.9472001920405
90,0.3,0.3,"TC",21.2268817282624
30,0.5,0.3,"TC",20.6004033052007
90,0.5,0.3,"TC",22.7298860287313
30,0.3,0.1,"TC",21.7175121369004
90,0.3,0.1,"TC",13.1291172474659
30,0.5,0.1,"TC",16.0706979231043
90,0.5,0.1,"TC",12.93382784076
30,0.3,0.3,"TC",20.1319998112055
90,0.3,0.3,"TC",18.7093528676477
30,0.5,0.3,"TC",22.6398628561762
90,0.5,0.3,"TC",14.6988543427596
30,0.3,0.1,"TC",29.424977558104
90,0.3,0.1,"TC",17.0699166890219
30,0.5,0.1,"TC",21.6937027811151
90,0.5,0.1,"TC",20.1101671284245
30,0.3,0.3,"TC",16.5716770577517
90,0.3,0.3,"TC",21.4406805645008
30,0.5,0.3,"TC",21.2160615471986
90,0.5,0.3,"TC",20.6303306147167
30,0.3,0.1,"TC",16.6177462357888
90,0.3,0.1,"TC",26.5704323576314
30,0.5,0.1,"TC",14.3308269834761
90,0.5,0.1,"TC",16.5450465643598
30,0.3,0.3,"TC",25.8272597915623
90,0.3,0.3,"TC",13.1116601978899
30,0.5,0.3,"TC",21.3932409096859
90,0.5,0.3,"TC",16.7196789069025
30,0.3,0.1,"TC",17.8252653924299
90,0.3,0.1,"TC",18.2756107062168
30,0.5,0.1,"TC",16.3395856845735
90,0.5,0.1,"TC",13.6842051732106
30,0.3,0.3,"TC",18.2031702625724
90,0.3,0.3,"TC",17.5455962165693
30,0.5,0.3,"TC",18.4727233564347
90,0.5,0.3,"TC",18.2807156762876
30,0.3,0.1,"TC",13.6870109226475
90,0.3,0.1,"TC",22.0106928133015
30,0.5,0.1,"TC",17.7977395002492
90,0.5,0.1,"TC",17.4827664780372
30,0.3,0.3,"TC",14.6002837382159
90,0.3,0.3,"TC",27.3482417988818
30,0.5,0.3,"TC",20.8126612749647
90,0.5,0.3,"TC",11.4584344689198
30,0.3,0.1,"TC",19.4286379785548
90,0.3,0.1,"TC",23.4458898037958
30,0.5,0.1,"TC",19.8027748716282
90,0.5,0.1,"TC",17.5400383040971
30,0.3,0.3,"TC",20.0482684648621
90,0.3,0.3,"TC",21.049841297581
30,0.5,0.3,"TC",20.0589071300324
90,0.5,0.3,"TC",19.0964568862044
30,0.3,0.1,"TC",19.611423694809
90,0.3,0.1,"TC",18.4484671640378
30,0.5,0.1,"TC",17.3239448792584
90,0.5,0.1,"TC",18.6502980909741
30,0.3,0.3,"TC",16.729588396907
90,0.3,0.3,"TC",23.4483975575378
30,0.5,0.3,"TC",21.3027160361112
90,0.5,0.3,"TC",17.2121851797006
30,0.3,0.1,"TC",19.5090620601908
90,0.3,0.1,"TC",24.8247100808928
30,0.5,0.1,"TC",20.2026402091541
90,0.5,0.1,"TC",17.4204031189738
30,0.3,0.3,"TC",22.3748812728099
90,0.3,0.3,"TC",17.8829554482887
30,0.5,0.3,"TC",22.0510308478524
90,0.5,0.3,"TC",17.3352055533994
30,0.3,0.1,"TC",23.8393110298482
90,0.3,0.1,"TC",18.0993907515217
30,0.5,0.1,"TC",22.3123164063955
90,0.5,0.1,"TC",18.1344987885564
30,0.3,0.3,"TC",19.2710017896131
90,0.3,0.3,"TC",18.7229733722117
30,0.5,0.3,"TC",17.7123707872446
90,0.5,0.3,"TC",10.2046117067079
30,0.3,0.1,"TC",19.206656221543
90,0.3,0.1,"TC",20.3650300978487
30,0.5,0.1,"TC",23.3156313014033
90,0.5,0.1,"TC",12.9338750360797
30,0.3,0.3,"TC",21.9097351750751
90,0.3,0.3,"TC",18.5395800454139
30,0.5,0.3,"TC",19.1659194933895
90,0.5,0.3,"TC",15.5609918602933
30,0.3,0.1,"TC",21.1299399400656
90,0.3,0.1,"TC",26.3993555486151
30,0.5,0.1,"TC",16.0670269983131
90,0.5,0.1,"TC",12.814876991121
30,0.3,0.3,"TC",24.1294640910835
90,0.3,0.3,"TC",16.5555107797707
30,0.5,0.3,"TC",19.5793472300751
90,0.5,0.3,"TC",14.8488561758749
30,0.3,0.1,"TC",19.6048215674988
90,0.3,0.1,"TC",17.3063279812733
30,0.5,0.1,"TC",17.7391846592088
90,0.5,0.1,"TC",17.9196165545523
30,0.3,0.3,"TC",20.7169769055131
90,0.3,0.3,"TC",18.6137140890835
30,0.5,0.3,"TC",17.7435345308322
90,0.5,0.3,"TC",13.6879047514353
30,0.3,0.1,"TC",25.4621770535308
90,0.3,0.1,"TC",21.1636351153773
30,0.5,0.1,"TC",21.3736880853208
90,0.5,0.1,"TC",20.3338856526722
30,0.3,0.3,"TC",21.8417548210709
90,0.3,0.3,"TC",21.1798846028183
30,0.5,0.3,"TC",16.2894796165666
90,0.5,0.3,"TC",21.8894276663178
30,0.3,0.1,"TC",17.6833097568634
90,0.3,0.1,"TC",21.2909158166133
30,0.5,0.1,"TC",23.0617437543664
90,0.5,0.1,"TC",22.9404398351053
30,0.3,0.3,"TC",19.216814659676
90,0.3,0.3,"TC",17.0221014840993
30,0.5,0.3,"TC",21.508577377459
90,0.5,0.3,"TC",15.9857519526873
30,0.3,0.1,"TC",23.2109499623233
90,0.3,0.1,"TC",23.9897698446087
30,0.5,0.1,"TC",17.4313958881837
90,0.5,0.1,"TC",15.4310813970999
30,0.3,0.3,"TC",12.5418566807733
90,0.3,0.3,"TC",19.8045526725485
30,0.5,0.3,"TC",23.0812134215758
90,0.5,0.3,"TC",14.7145053268213
30,0.3,0.1,"TC",20.6970787901474
90,0.3,0.1,"TC",19.3061676425308
30,0.5,0.1,"TC",16.7930770956109
90,0.5,0.1,"TC",11.2985648716328
30,0.3,0.3,"TC",19.9418597330771
90,0.3,0.3,"TC",23.9312808274598
30,0.5,0.3,"TC",18.5564927473737
90,0.5,0.3,"TC",14.7587551997591
30,0.3,0.1,"TC",14.5246169785162
90,0.3,0.1,"TC",24.1743915086431
30,0.5,0.1,"TC",18.8563344098991
90,0.5,0.1,"TC",14.012980640339
30,0.3,0.3,"TC",20.0085390829002
90,0.3,0.3,"TC",21.3810452962349
30,0.5,0.3,"TC",14.6985260303654
90,0.5,0.3,"TC",11.8786062072383
30,0.3,0.1,"TC",21.494404214738
90,0.3,0.1,"TC",20.9203975016556
30,0.5,0.1,"TC",20.3076007555004
90,0.5,0.1,"TC",16.2365042328569
30,0.3,0.3,"TC",25.3390640812532
90,0.3,0.3,"TC",20.632820185736
30,0.5,0.3,"TC",15.4216109554575
90,0.5,0.3,"TC",14.9731676446108
30,0.3,0.1,"TC",19.2111765563938
90,0.3,0.1,"TC",20.3224772570272
30,0.5,0.1,"TC",20.6063427986674
90,0.5,0.1,"TC",13.8468461505756
30,0.3,0.3,"TC",15.935414957858
90,0.3,0.3,"TC",24.7108299478587
30,0.5,0.3,"TC",17.2206091681745
90,0.5,0.3,"TC",15.8255954363726
30,0.3,0.1,"TC",25.3835626275297
90,0.3,0.1,"TC",17.3978719749916
30,0.5,0.1,"TC",18.3072203744241
90,0.5,0.1,"TC",22.0184636205765
30,0.3,0.3,"TC",21.4658314730561
90,0.3,0.3,"TC",25.5965232116429
30,0.5,0.3,"TC",20.8965521587272
90,0.5,0.3,"TC",11.1744727991459
30,0.3,0.1,"TC",21.7176520076148
90,0.3,0.1,"TC",19.8646929173397
30,0.5,0.1,"TC",19.4443751076361
90,0.5,0.1,"TC",20.6513222765606
30,0.3,0.3,"TC",16.7261177275875
90,0.3,0.3,"TC",18.441443059779
30,0.5,0.3,"TC",14.5175008750511
90,0.5,0.3,"TC",17.1841501574618
30,0.3,0.1,"TC",20.6437225524015
90,0.3,0.1,"TC",15.8812365752787
30,0.5,0.1,"TC",18.2337719222019
90,0.5,0.1,"TC",17.0771848162836
30,0.3,0.3,"TC",18.8504712746533
90,0.3,0.3,"TC",20.7499387354456
30,0.5,0.3,"TC",22.2805938316574
90,0.5,0.3,"TC",15.7311948540147
30,0.3,0.1,"TC",14.3780962814293
90,0.3,0.1,"TC",22.0580580204652
30,0.5,0.1,"TC",23.0668089531231
90,0.5,0.1,"TC",10.8755231114861
30,0.3,0.3,"TC",21.3087146894273
90,0.3,0.3,"TC",19.525515217886
30,0.5,0.3,"TC",21.5393069586681
90,0.5,0.3,"TC",15.2770476065668
30,0.3,0.1,"TC",21.360173634809
90,0.3,0.1,"TC",18.4357187485033
30,0.5,0.1,"TC",15.2623534217891
90,0.5,0.1,"TC",17.2820849776973
30,0.3,0.3,"TC",18.7525393225804
90,0.3,0.3,"TC",16.4381021662782
30,0.5,0.3,"TC",17.4191074000842
90,0.5,0.3,"TC",19.3146780428863
30,0.3,0.1,"TC",16.8138075530836
90,0.3,0.1,"TC",21.3939159893291
30,0.5,0.1,"TC",19.9525058239753
90,0.5,0.1,"TC",16.5324585186841
30,0.3,0.3,"TC",20.5321787140471
90,0.3,0.3,"TC",24.9290090484209
30,0.5,0.3,"TC",18.4791358779329
90,0.5,0.3,"TC",16.5986848115621
30,0.3,0.1,"TC",24.6544413484483
90,0.3,0.1,"TC",20.4351737195296
30,0.5,0.1,"TC",19.4966788249412
90,0.5,0.1,"TC",20.3391092775086
30,0.3,0.3,"TC",18.0902859212391
90,0.3,0.3,"TC",14.3640215383833
30,0.5,0.3,"TC",17.7012063463646
90,0.5,0.3,"TC",21.5700742340124
30,0.3,0.1,"TC",14.9000414456153
90,0.3,0.1,"TC",15.4712028113809
30,0.5,0.1,"TC",23.7648333452105
90,0.5,0.1,"TC",13.8792185366221
30,0.3,0.3,"TC",21.2875241137534
90,0.3,0.3,"TC",16.1192386996686
30,0.5,0.3,"TC",20.8095043241888
90,0.5,0.3,"TC",17.6880785728001
30,0.3,0.1,"TC",18.639643896953
90,0.3,0.1,"TC",20.3782965672222
30,0.5,0.1,"TC",20.9728246021755
90,0.5,0.1,"TC",17.6393589834929
30,0.3,0.3,"TC",12.2642330268321
90,0.3,0.3,"TC",16.5355635550363
30,0.5,0.3,"TC",17.9696444597841
90,0.5,0.3,"TC",13.1505034331214
30,0.3,0.1,"TC",18.7900559675382
90,0.3,0.1,"TC",23.2872561642504
30,0.5,0.1,"TC",19.2146730566281
90,0.5,0.1,"TC",23.4329980416992
30,0.3,0.3,"TC",23.68042340033
90,0.3,0.3,"TC",18.1383986372946
30,0.5,0.3,"TC",25.5333292862105
90,0.5,0.3,"TC",10.6026383327646
30,0.3,0.1,"TC",22.299924054798
90,0.3,0.1,"TC",15.0741970012392
30,0.5,0.1,"TC",17.3448223998169
90,0.5,0.1,"TC",18.0774263521992
30,0.3,0.3,"TC",22.3770350418005
90,0.3,0.3,"TC",20.7822469025895
30,0.5,0.3,"TC",19.4722458508454
90,0.5,0.3,"TC",15.1729634809961
30,0.3,0.1,"TC",17.1059184256796
90,0.3,0.1,"TC",22.758057424739
30,0.5,0.1,"TC",18.3020837279865
90,0.5,0.1,"TC",16.4252636373389
30,0.3,0.3,"TC",17.8158973085263
90,0.3,0.3,"TC",23.5438435798429
30,0.5,0.3,"TC",20.427645381862
90,0.5,0.3,"TC",16.7412443914265
30,0.3,0.1,"TC",23.0479740386675
90,0.3,0.1,"TC",26.1636913744026
30,0.5,0.1,"TC",22.1549886258427
90,0.5,0.1,"TC",13.471729515728
30,0.3,0.3,"TC",11.0367698628349
90,0.3,0.3,"TC",14.94421669948
30,0.5,0.3,"TC",15.651882597644
90,0.5,0.3,"TC",18.3913607009085
30,0.3,0.1,"TC",21.9041550711265
90,0.3,0.1,"TC",18.1665668523667
30,0.5,0.1,"TC",20.9020430951779
90,0.5,0.1,"TC",22.7545752131744
30,0.3,0.3,"TC",20.406148981046
90,0.3,0.3,"TC",19.0114180475094
30,0.5,0.3,"TC",23.8304794008392
90,0.5,0.3,"TC",16.5805948462175
30,0.3,0.1,"TC",21.9148868081141
90,0.3,0.1,"TC",23.0379800031422
30,0.5,0.1,"TC",17.9258001010362
90,0.5,0.1,"TC",18.8194129871992
30,0.3,0.3,"TC",20.4790655550099
90,0.3,0.3,"TC",17.2135203877326
30,0.5,0.3,"TC",21.6733193106301
90,0.5,0.3,"TC",18.1308480323151
30,0.3,0.1,"TC",23.8243721241417
90,0.3,0.1,"TC",19.0688994840608
30,0.5,0.1,"TC",20.3686508623242
90,0.5,0.1,"TC",15.4551264185651
30,0.3,0.3,"TC",23.5193088657834
90,0.3,0.3,"TC",21.271701243982
30,0.5,0.3,"TC",19.9505065300279
90,0.5,0.3,"TC",17.553327701585
30,0.3,0.1,"TC",19.6549902062955
90,0.3,0.1,"TC",16.2197912690564
30,0.5,0.1,"TC",20.4341931518432
90,0.5,0.1,"TC",20.9321426349604
30,0.3,0.3,"TC",20.6302070077733
90,0.3,0.3,"TC",21.0695017782819
30,0.5,0.3,"TC",23.9196687364846
90,0.5,0.3,"TC",16.1465150903219
30,0.3,0.1,"TC",19.5442115909832
90,0.3,0.1,"TC",21.0251756598517
30,0.5,0.1,"TC",27.2782596442297
90,0.5,0.1,"TC",18.2062637561591
30,0.3,0.3,"TC",22.9750563567557
90,0.3,0.3,"TC",18.2127741386931
30,0.5,0.3,"TC",20.5740789119418
90,0.5,0.3,"TC",18.5817021630414
30,0.3,0.1,"TC",17.0606306482044
90,0.3,0.1,"TC",21.6590618149354
30,0.5,0.1,"TC",14.4428717946936
90,0.5,0.1,"TC",17.9314174648839
30,0.3,0.3,"TC",20.4101153533991
90,0.3,0.3,"TC",20.1022502882988
30,0.5,0.3,"TC",25.9677147768617
90,0.5,0.3,"TC",17.0876854955376
30,0.3,0.1,"TC",19.9707503400768
90,0.3,0.1,"TC",18.9406720490307
30,0.5,0.1,"TC",21.2734059006493
90,0.5,0.1,"TC",18.7767606070743
30,0.3,0.3,"TC",24.4232402901839
90,0.3,0.3,"TC",20.8672865309012
30,0.5,0.3,"TC",21.7872096050649
90,0.5,0.3,"TC",14.8914318843435
30,0.3,0.1,"TC",17.8232622864297
90,0.3,0.1,"TC",20.3587033056953
30,0.5,0.1,"TC",18.4763426450254
90,0.5,0.1,"TC",8.09320050200809
30,0.3,0.3,"TC",21.7909053045814
90,0.3,0.3,"TC",20.7287313813671
30,0.5,0.3,"TC",19.6929863814721
90,0.5,0.3,"TC",17.9259878905243
30,0.3,0.1,"TC",16.3015625030919
90,0.3,0.1,"TC",15.8992382462685
30,0.5,0.1,"TC",15.6026234707841
90,0.5,0.1,"TC",11.6492528184954
30,0.3,0.3,"TC",20.2443730665461
90,0.3,0.3,"TC",20.2086365139983
30,0.5,0.3,"TC",21.9394545883432
90,0.5,0.3,"TC",15.1042908195696
30,0.3,0.1,"TC",22.9406677866135
90,0.3,0.1,"TC",16.1008611435364
30,0.5,0.1,"TC",23.1008354379089
90,0.5,0.1,"TC",22.0719037700035
30,0.3,0.3,"TC",25.0454896111125
90,0.3,0.3,"TC",21.2366810446751
30,0.5,0.3,"TC",16.3071225355075
90,0.5,0.3,"TC",15.4583615856696
30,0.3,0.1,"TC",15.6173589547353
90,0.3,0.1,"TC",19.1641502693013
30,0.5,0.1,"TC",24.1455233342153
90,0.5,0.1,"TC",21.8269581206936
30,0.3,0.3,"TC",23.3619546849956
90,0.3,0.3,"TC",21.229013416404
30,0.5,0.3,"TC",21.370372068177
90,0.5,0.3,"TC",18.4938495703993
30,0.3,0.1,"TC",17.45786554923
90,0.3,0.1,"TC",25.5365752141103
30,0.5,0.1,"TC",21.6138392647022
90,0.5,0.1,"TC",14.4931888621936
30,0.3,0.3,"TC",19.4218537226847
90,0.3,0.3,"TC",18.6118525900907
30,0.5,0.3,"TC",22.5421851459023
90,0.5,0.3,"TC",15.8481183032811
30,0.3,0.1,"TC",20.1241786907529
90,0.3,0.1,"TC",17.1036914734672
30,0.5,0.1,"TC",22.1320433026793
90,0.5,0.1,"TC",21.4667593223058
30,0.3,0.3,"TC",19.3904339927735
90,0.3,0.3,"TC",15.0157279019591
30,0.5,0.3,"TC",18.659234377499
90,0.5,0.3,"TC",18.7195843942022
30,0.3,0.1,"TC",22.4200141717831
90,0.3,0.1,"TC",17.7965159641095
30,0.5,0.1,"TC",19.3512877521884
90,0.5,0.1,"TC",16.9699107611842
30,0.3,0.3,"TC",17.685389694007
90,0.3,0.3,"TC",19.2160551044346
30,0.5,0.3,"TC",18.3307438541846
90,0.5,0.3,"TC",12.3581852191126
30,0.3,0.1,"TC",20.1769560726896
90,0.3,0.1,"TC",15.2102418564683
30,0.5,0.1,"TC",15.9978173725472
90,0.5,0.1,"TC",19.413745364997
30,0.3,0.3,"TC",18.6750823547496
90,0.3,0.3,"TC",18.9177055861725
30,0.5,0.3,"TC",21.8458889054724
90,0.5,0.3,"TC",7.79090152373281
30,0.3,0.1,"TC",16.4232471188458
90,0.3,0.1,"TC",19.5104680902791
30,0.5,0.1,"TC",17.9380166124072
90,0.5,0.1,"TC",16.6606201745462
30,0.3,0.3,"TC",20.7329550174914
90,0.3,0.3,"TC",21.6977904355136
30,0.5,0.3,"TC",22.0396113157453
90,0.5,0.3,"TC",16.6845194938158
30,0.3,0.1,"TC",14.6882657124797
90,0.3,0.1,"TC",17.810540899905
30,0.5,0.1,"TC",20.3609001540982
90,0.5,0.1,"TC",15.140306739732
30,0.3,0.3,"TC",18.1022770569663
90,0.3,0.3,"TC",22.0235555787573
30,0.5,0.3,"TC",24.7587301716112
90,0.5,0.3,"TC",12.7428987694645
30,0.3,0.1,"TC",21.1791648645737
90,0.3,0.1,"TC",20.593405925036
30,0.5,0.1,"TC",19.0011501694933
90,0.5,0.1,"TC",17.075922953662
30,0.3,0.3,"TC",17.2471918544859
90,0.3,0.3,"TC",18.0575343506874
30,0.5,0.3,"TC",23.7228509552412
90,0.5,0.3,"TC",21.9402180646782
30,0.3,0.1,"TC",20.9510442485671
90,0.3,0.1,"TC",22.5610459390733
30,0.5,0.1,"TC",25.2351707675111
90,0.5,0.1,"TC",15.1829343234217
30,0.3,0.3,"TC",18.9594367176744
90,0.3,0.3,"TC",20.5978688087659
30,0.5,0.3,"TC",19.4606882934146
90,0.5,0.3,"TC",15.7983934306665
30,0.3,0.1,"TC",18.1446260238723
90,0.3,0.1,"TC",23.0965686589525
30,0.5,0.1,"TC",17.7371364424955
90,0.5,0.1,"TC",16.5595725558236
30,0.3,0.3,"TC",19.349456098565
90,0.3,0.3,"TC",21.0802699287948
30,0.5,0.3,"TC",21.6384165686489
90,0.5,0.3,"TC",13.190799353084
30,0.3,0.1,"TC",23.9068120666256
90,0.3,0.1,"TC",17.6656479613912
30,0.5,0.1,"TC",20.238345237836
90,0.5,0.1,"TC",20.1945528325201
30,0.3,0.3,"TC",23.2047569413537
90,0.3,0.3,"TC",17.252977151537
30,0.5,0.3,"TC",21.097189803247
90,0.5,0.3,"TC",15.3788878434596
30,0.3,0.1,"TC",24.3435955957982
90,0.3,0.1,"TC",18.3119608141399
30,0.5,0.1,"TC",19.269181647621
90,0.5,0.1,"TC",15.6485159018656
30,0.3,0.3,"TC",19.8666078951376
90,0.3,0.3,"TC",23.4055114089799
30,0.5,0.3,"TC",23.8655489728172
90,0.5,0.3,"TC",15.7613279648174
30,0.3,0.1,"TC",20.9728535070228
90,0.3,0.1,"TC",18.5058328812906
30,0.5,0.1,"TC",13.9485089624361
90,0.5,0.1,"TC",16.5952866232949
30,0.3,0.3,"TC",18.6168846799642
90,0.3,0.3,"TC",18.7735458412362
30,0.5,0.3,"TC",21.4804077230069
90,0.5,0.3,"TC",20.8039808751621
30,0.3,0.1,"TC",14.8440060514339
90,0.3,0.1,"TC",17.1608874473086
30,0.5,0.1,"TC",20.1715819504082
90,0.5,0.1,"TC",13.545252089172
30,0.3,0.3,"TC",15.523234740627
90,0.3,0.3,"TC",26.5295126783736
30,0.5,0.3,"TC",22.1975797529918
90,0.5,0.3,"TC",12.6336230785831
30,0.3,0.1,"TC",17.147040238418
90,0.3,0.1,"TC",21.9315047259909
30,0.5,0.1,"TC",19.0075954254738
90,0.5,0.1,"TC",20.2040034571437
30,0.3,0.3,"TC",17.3901746966995
90,0.3,0.3,"TC",15.0725360738695
30,0.5,0.3,"TC",22.6590517528359
90,0.5,0.3,"TC",20.3480019172465
30,0.3,0.1,"TC",16.9828535557987
90,0.3,0.1,"TC",23.0849876610206
30,0.5,0.1,"TC",18.5676618007621
90,0.5,0.1,"TC",17.6430533803582
30,0.3,0.3,"TC",17.8338806619339
90,0.3,0.3,"TC",19.3349903550097
30,0.5,0.3,"TC",21.999108497419
90,0.5,0.3,"TC",14.2131636869477
30,0.3,0.1,"TC",21.1964941718623
90,0.3,0.1,"TC",18.8483635916354
30,0.5,0.1,"TC",19.6481496851254
90,0.5,0.1,"TC",12.6822474950472
30,0.3,0.3,"TC",18.3791850531668
90,0.3,0.3,"TC",21.6228367780325
30,0.5,0.3,"TC",19.9383458231874
90,0.5,0.3,"TC",15.4763795266937
30,0.3,0.1,"TC",20.285896630188
90,0.3,0.1,"TC",23.847019843204
30,0.5,0.1,"TC",23.0313060569859
90,0.5,0.1,"TC",26.7857401353199
30,0.3,0.3,"TC",22.1010919319868
90,0.3,0.3,"TC",20.1891396716181
30,0.5,0.3,"TC",18.6365217188642
90,0.5,0.3,"TC",14.5553853828899
30,0.3,0.1,"TC",17.3305687832173
90,0.3,0.1,"TC",19.3987008517271
30,0.5,0.1,"TC",22.6156181955444
90,0.5,0.1,"TC",14.9795587761762
30,0.3,0.3,"TC",15.6801055812365
90,0.3,0.3,"TC",17.5786026597779
30,0.5,0.3,"TC",16.0693001618777
90,0.5,0.3,"TC",20.3042110977934
30,0.3,0.1,"TC",19.4324461437649
90,0.3,0.1,"TC",19.8492166752248
30,0.5,0.1,"TC",21.7280526573549
90,0.5,0.1,"TC",12.8858241451824
30,0.3,0.3,"TC",20.4312844694221
90,0.3,0.3,"TC",22.3991643788942
30,0.5,0.3,"TC",15.8958810271379
90,0.5,0.3,"TC",17.9598406260656
30,0.3,0.1,"TC",22.4355206776421
90,0.3,0.1,"TC",20.5322725998066
30,0.5,0.1,"TC",16.3526996982546
90,0.5,0.1,"TC",17.4785633875457
30,0.3,0.3,"TC",15.7538830804114
90,0.3,0.3,"TC",26.4575045692398
30,0.5,0.3,"TC",20.6540055483313
90,0.5,0.3,"TC",14.0883977892731
30,0.3,0.1,"TC",21.6672348326963
90,0.3,0.1,"TC",18.7225369989664
30,0.5,0.1,"TC",20.4355762449778
90,0.5,0.1,"TC",20.3662152529212
30,0.3,0.3,"TC",21.2844456848522
90,0.3,0.3,"TC",24.1133249261411
30,0.5,0.3,"TC",16.216328732009
90,0.5,0.3,"TC",15.7342025420655
30,0.3,0.1,"TC",19.9877333790322
90,0.3,0.1,"TC",13.5362566665215
30,0.5,0.1,"TC",18.2938727012799
90,0.5,0.1,"TC",21.278893470028
30,0.3,0.3,"TC",25.1051710320907
90,0.3,0.3,"TC",14.7144792174132
30,0.5,0.3,"TC",22.4955440470823
90,0.5,0.3,"TC",17.7111203626569
30,0.3,0.1,"TC",16.7558992566656
90,0.3,0.1,"TC",15.4070082988308
30,0.5,0.1,"TC",14.0616328099856
90,0.5,0.1,"TC",13.5406280878361
30,0.3,0.3,"TC",19.5329963641863
90,0.3,0.3,"TC",18.9328044855597
30,0.5,0.3,"TC",16.3361991884672
90,0.5,0.3,"TC",12.8171808503299
30,0.3,0.1,"TC",16.2609706922352
90,0.3,0.1,"TC",21.75898610584
30,0.5,0.1,"TC",22.813603735408
90,0.5,0.1,"TC",17.6612022715015
30,0.3,0.3,"TC",20.0812239061838
90,0.3,0.3,"TC",14.0830599027164
30,0.5,0.3,"TC",22.54950431901
90,0.5,0.3,"TC",22.6393625220889
30,0.3,0.1,"TC",24.6806241558788
90,0.3,0.1,"TC",21.8336496884478
30,0.5,0.1,"TC",18.1034156374538
90,0.5,0.1,"TC",16.8888980077124
30,0.3,0.3,"TC",20.6950478771577
90,0.3,0.3,"TC",20.4142358687563
30,0.5,0.3,"TC",26.9656147856513
90,0.5,0.3,"TC",15.7040923099487
30,0.3,0.1,"TC",15.7801891597427
90,0.3,0.1,"TC",19.0908530743078
30,0.5,0.1,"TC",19.1640794188288
90,0.5,0.1,"TC",20.4821032357834
30,0.3,0.3,"TC",22.0326337990552
90,0.3,0.3,"TC",26.4015584859453
30,0.5,0.3,"TC",21.2907873125011
90,0.5,0.3,"TC",10.9771512332383
30,0.3,0.1,"TC",19.1160238744062
90,0.3,0.1,"TC",19.7612337673157
30,0.5,0.1,"TC",22.0705441309582
90,0.5,0.1,"TC",17.5274846916522
30,0.3,0.3,"TC",20.5057726342873
90,0.3,0.3,"TC",19.6192528686847
30,0.5,0.3,"TC",17.0056013498261
90,0.5,0.3,"TC",19.3918897694555
30,0.3,0.1,"TC",19.3128079242368
90,0.3,0.1,"TC",17.7542812527262
30,0.5,0.1,"TC",26.0554380962856
90,0.5,0.1,"TC",18.4095529645387
30,0.3,0.3,"TC",20.7845992460627
90,0.3,0.3,"TC",27.1355763205416
30,0.5,0.3,"TC",19.7494102571367
90,0.5,0.3,"TC",14.4671263659795
30,0.3,0.1,"TC",18.6362281160783
90,0.3,0.1,"TC",22.3381805189672
30,0.5,0.1,"TC",18.8718725685634
90,0.5,0.1,"TC",13.6215991989188
30,0.3,0.3,"TC",11.8705407633032
90,0.3,0.3,"TC",21.318848300939
30,0.5,0.3,"TC",21.2033527782688
90,0.5,0.3,"TC",18.6279060269875
